,Year,Week,Province,"Age at time of death_Age at time of death, 0 to 44 years","Age at time of death_Age at time of death, 45 to 64 years","Age at time of death_Age at time of death, 65 to 84 years","Age at time of death_Age at time of death, 85 years and over","Age at time of death_Age at time of death, 0 to 44 years female","Age at time of death_Age at time of death, 45 to 64 years female","Age at time of death_Age at time of death, 65 to 84 years female","Age at time of death_Age at time of death, 85 years and over female"
0,2019,2019-01-05,Alberta,1,1,1,1,15.0,25.0,100.0,100.0
1,2019,2019-01-05,BC,1,1,1,1,20.0,45.0,155.0,165.0
2,2019,2019-01-05,Manitoba,1,1,1,1,10.0,20.0,40.0,50.0
3,2019,2019-01-05,New Brunswick,1,1,1,1,0.0,10.0,35.0,35.0
4,2019,2019-01-05,Newfoundland and Labrador,1,1,1,1,0.0,10.0,25.0,10.0
5,2019,2019-01-05,Northwest Territories,1,1,1,1,0.0,5.0,0.0,0.0
6,2019,2019-01-05,Nova Scotia,1,1,1,1,0.0,15.0,40.0,50.0
7,2019,2019-01-05,Nunavut,1,1,1,1,0.0,0.0,0.0,0.0
8,2019,2019-01-05,ON,1,1,1,1,45.0,145.0,450.0,495.0
9,2019,2019-01-05,Prince Edward Island,1,1,1,1,0.0,0.0,0.0,10.0
10,2019,2019-01-05,QC,1,1,1,1,15.0,90.0,310.0,360.0
11,2019,2019-01-05,Saskatchewan,1,1,1,1,5.0,15.0,40.0,55.0
12,2019,2019-01-05,Yukon,1,1,1,1,0.0,0.0,0.0,0.0
13,2019,2019-01-12,Alberta,1,1,1,1,20.0,35.0,95.0,110.0
14,2019,2019-01-12,BC,1,1,1,1,20.0,50.0,175.0,195.0
15,2019,2019-01-12,Manitoba,1,1,1,1,10.0,15.0,50.0,55.0
16,2019,2019-01-12,New Brunswick,1,1,1,1,5.0,10.0,30.0,30.0
17,2019,2019-01-12,Newfoundland and Labrador,1,1,1,1,0.0,5.0,25.0,25.0
18,2019,2019-01-12,Northwest Territories,1,1,1,1,0.0,0.0,0.0,0.0
19,2019,2019-01-12,Nova Scotia,1,1,1,1,5.0,10.0,40.0,45.0
20,2019,2019-01-12,Nunavut,1,1,1,1,0.0,0.0,5.0,0.0
21,2019,2019-01-12,ON,1,1,1,1,30.0,120.0,390.0,505.0
22,2019,2019-01-12,Prince Edward Island,1,1,1,1,0.0,0.0,0.0,5.0
23,2019,2019-01-12,QC,1,1,1,1,10.0,80.0,285.0,335.0
24,2019,2019-01-12,Saskatchewan,1,1,1,1,5.0,20.0,30.0,45.0
25,2019,2019-01-12,Yukon,1,1,1,1,0.0,0.0,0.0,0.0
26,2019,2019-01-19,Alberta,1,1,1,1,15.0,40.0,105.0,115.0
27,2019,2019-01-19,BC,1,1,1,1,10.0,35.0,135.0,180.0
28,2019,2019-01-19,Manitoba,1,1,1,1,5.0,15.0,40.0,40.0
29,2019,2019-01-19,New Brunswick,1,1,1,1,0.0,10.0,35.0,35.0
30,2019,2019-01-19,Newfoundland and Labrador,1,1,1,1,5.0,5.0,25.0,25.0
31,2019,2019-01-19,Northwest Territories,1,1,1,1,0.0,0.0,0.0,0.0
32,2019,2019-01-19,Nova Scotia,1,1,1,1,0.0,10.0,30.0,40.0
33,2019,2019-01-19,Nunavut,1,1,1,1,0.0,0.0,0.0,0.0
34,2019,2019-01-19,ON,1,1,1,1,40.0,115.0,445.0,530.0
35,2019,2019-01-19,Prince Edward Island,1,1,1,1,0.0,5.0,5.0,5.0
36,2019,2019-01-19,QC,1,1,1,1,20.0,65.0,300.0,340.0
37,2019,2019-01-19,Saskatchewan,1,1,1,1,5.0,5.0,35.0,40.0
38,2019,2019-01-19,Yukon,1,1,1,1,0.0,0.0,0.0,0.0
39,2019,2019-01-26,Alberta,1,1,1,1,15.0,45.0,95.0,100.0
40,2019,2019-01-26,BC,1,1,1,1,10.0,35.0,140.0,165.0
41,2019,2019-01-26,Manitoba,1,1,1,1,10.0,10.0,35.0,40.0
42,2019,2019-01-26,New Brunswick,1,1,1,1,0.0,15.0,35.0,35.0
43,2019,2019-01-26,Newfoundland and Labrador,1,1,1,1,0.0,10.0,20.0,15.0
44,2019,2019-01-26,Northwest Territories,1,1,1,1,0.0,0.0,0.0,5.0
45,2019,2019-01-26,Nova Scotia,1,1,1,1,0.0,10.0,35.0,55.0
46,2019,2019-01-26,Nunavut,1,1,1,1,0.0,0.0,0.0,0.0
47,2019,2019-01-26,ON,1,1,1,1,35.0,120.0,385.0,545.0
48,2019,2019-01-26,Prince Edward Island,1,1,1,1,0.0,0.0,5.0,5.0
49,2019,2019-01-26,QC,1,1,1,1,20.0,70.0,290.0,385.0
50,2019,2019-01-26,Saskatchewan,1,1,1,1,5.0,10.0,25.0,55.0
51,2019,2019-01-26,Yukon,1,1,1,1,0.0,0.0,0.0,0.0
52,2019,2019-02-02,Alberta,1,1,1,1,10.0,40.0,95.0,105.0
53,2019,2019-02-02,BC,1,1,1,1,10.0,40.0,135.0,150.0
54,2019,2019-02-02,Manitoba,1,1,1,1,5.0,10.0,40.0,50.0
55,2019,2019-02-02,New Brunswick,1,1,1,1,0.0,5.0,40.0,30.0
56,2019,2019-02-02,Newfoundland and Labrador,1,1,1,1,5.0,5.0,25.0,20.0
57,2019,2019-02-02,Northwest Territories,1,1,1,1,0.0,0.0,0.0,0.0
58,2019,2019-02-02,Nova Scotia,1,1,1,1,0.0,5.0,45.0,45.0
59,2019,2019-02-02,Nunavut,1,1,1,1,0.0,0.0,0.0,0.0
60,2019,2019-02-02,ON,1,1,1,1,30.0,130.0,420.0,520.0
61,2019,2019-02-02,Prince Edward Island,1,1,1,1,0.0,0.0,10.0,5.0
62,2019,2019-02-02,QC,1,1,1,1,15.0,80.0,270.0,340.0
63,2019,2019-02-02,Saskatchewan,1,1,1,1,5.0,10.0,35.0,35.0
64,2019,2019-02-02,Yukon,1,1,1,1,0.0,0.0,0.0,0.0
65,2019,2019-02-09,Alberta,1,1,1,1,15.0,35.0,90.0,110.0
66,2019,2019-02-09,BC,1,1,1,1,15.0,50.0,140.0,165.0
67,2019,2019-02-09,Manitoba,1,1,1,1,5.0,10.0,40.0,55.0
68,2019,2019-02-09,New Brunswick,1,1,1,1,0.0,20.0,40.0,40.0
69,2019,2019-02-09,Newfoundland and Labrador,1,1,1,1,0.0,5.0,20.0,10.0
70,2019,2019-02-09,Northwest Territories,1,1,1,1,0.0,0.0,0.0,0.0
71,2019,2019-02-09,Nova Scotia,1,1,1,1,0.0,20.0,25.0,55.0
72,2019,2019-02-09,Nunavut,1,1,1,1,0.0,0.0,0.0,0.0
73,2019,2019-02-09,ON,1,1,1,1,30.0,110.0,390.0,550.0
74,2019,2019-02-09,Prince Edward Island,1,1,1,1,5.0,0.0,5.0,10.0
75,2019,2019-02-09,QC,1,1,1,1,20.0,80.0,275.0,345.0
76,2019,2019-02-09,Saskatchewan,1,1,1,1,5.0,5.0,40.0,35.0
77,2019,2019-02-09,Yukon,1,1,1,1,0.0,0.0,0.0,0.0
78,2019,2019-02-16,Alberta,1,1,1,1,15.0,40.0,105.0,95.0
79,2019,2019-02-16,BC,1,1,1,1,15.0,50.0,140.0,175.0
80,2019,2019-02-16,Manitoba,1,1,1,1,5.0,15.0,40.0,45.0
81,2019,2019-02-16,New Brunswick,1,1,1,1,5.0,10.0,25.0,25.0
82,2019,2019-02-16,Newfoundland and Labrador,1,1,1,1,0.0,5.0,15.0,20.0
83,2019,2019-02-16,Northwest Territories,1,1,1,1,0.0,0.0,0.0,0.0
84,2019,2019-02-16,Nova Scotia,1,1,1,1,5.0,20.0,50.0,35.0
85,2019,2019-02-16,Nunavut,1,1,1,1,0.0,0.0,0.0,0.0
86,2019,2019-02-16,ON,1,1,1,1,35.0,115.0,425.0,550.0
87,2019,2019-02-16,Prince Edward Island,1,1,1,1,0.0,0.0,0.0,10.0
88,2019,2019-02-16,QC,1,1,1,1,15.0,85.0,265.0,370.0
89,2019,2019-02-16,Saskatchewan,1,1,1,1,5.0,5.0,35.0,35.0
90,2019,2019-02-16,Yukon,1,1,1,1,0.0,0.0,0.0,0.0
91,2019,2019-02-23,Alberta,1,1,1,1,15.0,35.0,100.0,105.0
92,2019,2019-02-23,BC,1,1,1,1,10.0,50.0,140.0,155.0
93,2019,2019-02-23,Manitoba,1,1,1,1,5.0,5.0,50.0,60.0
94,2019,2019-02-23,New Brunswick,1,1,1,1,0.0,10.0,30.0,45.0
95,2019,2019-02-23,Newfoundland and Labrador,1,1,1,1,0.0,5.0,20.0,15.0
96,2019,2019-02-23,Northwest Territories,1,1,1,1,0.0,0.0,0.0,0.0
97,2019,2019-02-23,Nova Scotia,1,1,1,1,5.0,15.0,45.0,35.0
98,2019,2019-02-23,Nunavut,1,1,1,1,5.0,5.0,0.0,0.0
99,2019,2019-02-23,ON,1,1,1,1,20.0,130.0,395.0,530.0
100,2019,2019-02-23,Prince Edward Island,1,1,1,1,0.0,0.0,5.0,5.0
101,2019,2019-02-23,QC,1,1,1,1,10.0,65.0,280.0,300.0
102,2019,2019-02-23,Saskatchewan,1,1,1,1,0.0,15.0,25.0,50.0
103,2019,2019-02-23,Yukon,1,1,1,1,0.0,0.0,0.0,0.0
104,2019,2019-03-02,Alberta,1,1,1,1,15.0,30.0,80.0,100.0
105,2019,2019-03-02,BC,1,1,1,1,20.0,45.0,125.0,185.0
106,2019,2019-03-02,Manitoba,1,1,1,1,5.0,10.0,35.0,60.0
107,2019,2019-03-02,New Brunswick,1,1,1,1,0.0,10.0,30.0,40.0
108,2019,2019-03-02,Newfoundland and Labrador,1,1,1,1,0.0,10.0,25.0,15.0
109,2019,2019-03-02,Northwest Territories,1,1,1,1,0.0,0.0,0.0,0.0
110,2019,2019-03-02,Nova Scotia,1,1,1,1,0.0,10.0,35.0,45.0
111,2019,2019-03-02,Nunavut,1,1,1,1,0.0,0.0,0.0,0.0
112,2019,2019-03-02,ON,1,1,1,1,40.0,110.0,425.0,500.0
113,2019,2019-03-02,Prince Edward Island,1,1,1,1,0.0,0.0,0.0,5.0
114,2019,2019-03-02,QC,1,1,1,1,25.0,70.0,250.0,345.0
115,2019,2019-03-02,Saskatchewan,1,1,1,1,10.0,15.0,35.0,40.0
116,2019,2019-03-02,Yukon,1,1,1,1,0.0,0.0,0.0,0.0
117,2019,2019-03-09,Alberta,1,1,1,1,20.0,40.0,105.0,85.0
118,2019,2019-03-09,BC,1,1,1,1,10.0,40.0,140.0,170.0
119,2019,2019-03-09,Manitoba,1,1,1,1,5.0,10.0,45.0,50.0
120,2019,2019-03-09,New Brunswick,1,1,1,1,0.0,0.0,25.0,20.0
121,2019,2019-03-09,Newfoundland and Labrador,1,1,1,1,0.0,5.0,30.0,10.0
122,2019,2019-03-09,Northwest Territories,1,1,1,1,0.0,0.0,0.0,0.0
123,2019,2019-03-09,Nova Scotia,1,1,1,1,5.0,15.0,45.0,40.0
124,2019,2019-03-09,Nunavut,1,1,1,1,0.0,0.0,0.0,0.0
125,2019,2019-03-09,ON,1,1,1,1,30.0,130.0,400.0,500.0
126,2019,2019-03-09,Prince Edward Island,1,1,1,1,0.0,5.0,5.0,5.0
127,2019,2019-03-09,QC,1,1,1,1,15.0,80.0,325.0,345.0
128,2019,2019-03-09,Saskatchewan,1,1,1,1,10.0,10.0,40.0,45.0
129,2019,2019-03-09,Yukon,1,1,1,1,0.0,0.0,0.0,0.0
130,2019,2019-03-16,Alberta,1,1,1,1,10.0,35.0,90.0,90.0
131,2019,2019-03-16,BC,1,1,1,1,15.0,45.0,140.0,195.0
132,2019,2019-03-16,Manitoba,1,1,1,1,5.0,15.0,40.0,50.0
133,2019,2019-03-16,New Brunswick,1,1,1,1,0.0,5.0,30.0,35.0
134,2019,2019-03-16,Newfoundland and Labrador,1,1,1,1,5.0,5.0,20.0,30.0
135,2019,2019-03-16,Northwest Territories,1,1,1,1,0.0,0.0,0.0,0.0
136,2019,2019-03-16,Nova Scotia,1,1,1,1,0.0,15.0,50.0,45.0
137,2019,2019-03-16,Nunavut,1,1,1,1,0.0,0.0,0.0,0.0
138,2019,2019-03-16,ON,1,1,1,1,35.0,115.0,385.0,490.0
139,2019,2019-03-16,Prince Edward Island,1,1,1,1,0.0,0.0,5.0,5.0
140,2019,2019-03-16,QC,1,1,1,1,10.0,65.0,285.0,340.0
141,2019,2019-03-16,Saskatchewan,1,1,1,1,5.0,10.0,40.0,35.0
142,2019,2019-03-16,Yukon,1,1,1,1,0.0,0.0,0.0,0.0
143,2019,2019-03-23,Alberta,1,1,1,1,15.0,30.0,75.0,125.0
144,2019,2019-03-23,BC,1,1,1,1,20.0,40.0,135.0,190.0
145,2019,2019-03-23,Manitoba,1,1,1,1,10.0,10.0,45.0,40.0
146,2019,2019-03-23,New Brunswick,1,1,1,1,5.0,5.0,40.0,20.0
147,2019,2019-03-23,Newfoundland and Labrador,1,1,1,1,0.0,15.0,20.0,15.0
148,2019,2019-03-23,Northwest Territories,1,1,1,1,0.0,0.0,0.0,0.0
149,2019,2019-03-23,Nova Scotia,1,1,1,1,5.0,15.0,55.0,45.0
150,2019,2019-03-23,Nunavut,1,1,1,1,0.0,0.0,0.0,0.0
151,2019,2019-03-23,ON,1,1,1,1,25.0,120.0,380.0,490.0
152,2019,2019-03-23,Prince Edward Island,1,1,1,1,0.0,0.0,5.0,10.0
153,2019,2019-03-23,QC,1,1,1,1,15.0,70.0,260.0,330.0
154,2019,2019-03-23,Saskatchewan,1,1,1,1,5.0,5.0,30.0,45.0
155,2019,2019-03-23,Yukon,1,1,1,1,0.0,0.0,0.0,0.0
156,2019,2019-03-30,Alberta,1,1,1,1,15.0,35.0,75.0,90.0
157,2019,2019-03-30,BC,1,1,1,1,10.0,50.0,115.0,190.0
158,2019,2019-03-30,Manitoba,1,1,1,1,0.0,10.0,35.0,45.0
159,2019,2019-03-30,New Brunswick,1,1,1,1,5.0,5.0,25.0,40.0
160,2019,2019-03-30,Newfoundland and Labrador,1,1,1,1,0.0,5.0,25.0,20.0
161,2019,2019-03-30,Northwest Territories,1,1,1,1,0.0,0.0,0.0,0.0
162,2019,2019-03-30,Nova Scotia,1,1,1,1,5.0,15.0,55.0,55.0
163,2019,2019-03-30,Nunavut,1,1,1,1,0.0,5.0,0.0,0.0
164,2019,2019-03-30,ON,1,1,1,1,30.0,135.0,415.0,495.0
165,2019,2019-03-30,Prince Edward Island,1,1,1,1,0.0,5.0,5.0,5.0
166,2019,2019-03-30,QC,1,1,1,1,10.0,55.0,285.0,295.0
167,2019,2019-03-30,Saskatchewan,1,1,1,1,0.0,5.0,45.0,50.0
168,2019,2019-03-30,Yukon,1,1,1,1,0.0,0.0,0.0,0.0
169,2019,2019-04-06,Alberta,1,1,1,1,10.0,30.0,100.0,85.0
170,2019,2019-04-06,BC,1,1,1,1,15.0,40.0,145.0,190.0
171,2019,2019-04-06,Manitoba,1,1,1,1,5.0,20.0,35.0,45.0
172,2019,2019-04-06,New Brunswick,1,1,1,1,5.0,5.0,45.0,35.0
173,2019,2019-04-06,Newfoundland and Labrador,1,1,1,1,0.0,5.0,20.0,20.0
174,2019,2019-04-06,Northwest Territories,1,1,1,1,0.0,0.0,0.0,0.0
175,2019,2019-04-06,Nova Scotia,1,1,1,1,0.0,10.0,45.0,45.0
176,2019,2019-04-06,Nunavut,1,1,1,1,0.0,0.0,0.0,0.0
177,2019,2019-04-06,ON,1,1,1,1,45.0,125.0,390.0,460.0
178,2019,2019-04-06,Prince Edward Island,1,1,1,1,0.0,0.0,5.0,10.0
179,2019,2019-04-06,QC,1,1,1,1,10.0,65.0,260.0,290.0
180,2019,2019-04-06,Saskatchewan,1,1,1,1,5.0,10.0,30.0,35.0
181,2019,2019-04-06,Yukon,1,1,1,1,0.0,0.0,0.0,0.0
182,2019,2019-04-13,Alberta,1,1,1,1,5.0,35.0,85.0,90.0
183,2019,2019-04-13,BC,1,1,1,1,10.0,35.0,155.0,170.0
184,2019,2019-04-13,Manitoba,1,1,1,1,10.0,15.0,35.0,50.0
185,2019,2019-04-13,New Brunswick,1,1,1,1,0.0,10.0,35.0,25.0
186,2019,2019-04-13,Newfoundland and Labrador,1,1,1,1,0.0,5.0,30.0,10.0
187,2019,2019-04-13,Northwest Territories,1,1,1,1,0.0,0.0,0.0,0.0
188,2019,2019-04-13,Nova Scotia,1,1,1,1,5.0,15.0,40.0,35.0
189,2019,2019-04-13,Nunavut,1,1,1,1,0.0,0.0,0.0,0.0
190,2019,2019-04-13,ON,1,1,1,1,40.0,105.0,385.0,475.0
191,2019,2019-04-13,Prince Edward Island,1,1,1,1,0.0,0.0,10.0,5.0
192,2019,2019-04-13,QC,1,1,1,1,15.0,75.0,275.0,345.0
193,2019,2019-04-13,Saskatchewan,1,1,1,1,0.0,10.0,35.0,30.0
194,2019,2019-04-13,Yukon,1,1,1,1,0.0,0.0,0.0,0.0
195,2019,2019-04-20,Alberta,1,1,1,1,10.0,30.0,90.0,100.0
196,2019,2019-04-20,BC,1,1,1,1,10.0,35.0,130.0,165.0
197,2019,2019-04-20,Manitoba,1,1,1,1,0.0,15.0,50.0,50.0
198,2019,2019-04-20,New Brunswick,1,1,1,1,0.0,5.0,35.0,30.0
199,2019,2019-04-20,Newfoundland and Labrador,1,1,1,1,5.0,10.0,25.0,25.0
200,2019,2019-04-20,Northwest Territories,1,1,1,1,0.0,0.0,5.0,0.0
201,2019,2019-04-20,Nova Scotia,1,1,1,1,5.0,5.0,35.0,50.0
202,2019,2019-04-20,Nunavut,1,1,1,1,0.0,0.0,0.0,0.0
203,2019,2019-04-20,ON,1,1,1,1,30.0,110.0,415.0,450.0
204,2019,2019-04-20,Prince Edward Island,1,1,1,1,0.0,0.0,5.0,10.0
205,2019,2019-04-20,QC,1,1,1,1,15.0,65.0,285.0,300.0
206,2019,2019-04-20,Saskatchewan,1,1,1,1,0.0,10.0,25.0,40.0
207,2019,2019-04-20,Yukon,1,1,1,1,0.0,0.0,0.0,0.0
208,2019,2019-04-27,Alberta,1,1,1,1,10.0,40.0,95.0,95.0
209,2019,2019-04-27,BC,1,1,1,1,15.0,25.0,145.0,170.0
210,2019,2019-04-27,Manitoba,1,1,1,1,5.0,10.0,40.0,50.0
211,2019,2019-04-27,New Brunswick,1,1,1,1,0.0,5.0,35.0,40.0
212,2019,2019-04-27,Newfoundland and Labrador,1,1,1,1,0.0,15.0,30.0,25.0
213,2019,2019-04-27,Northwest Territories,1,1,1,1,0.0,0.0,0.0,0.0
214,2019,2019-04-27,Nova Scotia,1,1,1,1,5.0,15.0,45.0,35.0
215,2019,2019-04-27,Nunavut,1,1,1,1,5.0,0.0,0.0,0.0
216,2019,2019-04-27,ON,1,1,1,1,30.0,100.0,375.0,500.0
217,2019,2019-04-27,Prince Edward Island,1,1,1,1,0.0,0.0,0.0,10.0
218,2019,2019-04-27,QC,1,1,1,1,15.0,65.0,275.0,315.0
219,2019,2019-04-27,Saskatchewan,1,1,1,1,5.0,15.0,30.0,40.0
220,2019,2019-04-27,Yukon,1,1,1,1,0.0,0.0,0.0,0.0
221,2019,2019-05-04,Alberta,1,1,1,1,15.0,40.0,80.0,100.0
222,2019,2019-05-04,BC,1,1,1,1,15.0,50.0,125.0,175.0
223,2019,2019-05-04,Manitoba,1,1,1,1,0.0,15.0,35.0,45.0
224,2019,2019-05-04,New Brunswick,1,1,1,1,0.0,10.0,25.0,30.0
225,2019,2019-05-04,Newfoundland and Labrador,1,1,1,1,5.0,10.0,30.0,15.0
226,2019,2019-05-04,Northwest Territories,1,1,1,1,0.0,0.0,0.0,0.0
227,2019,2019-05-04,Nova Scotia,1,1,1,1,0.0,5.0,45.0,35.0
228,2019,2019-05-04,Nunavut,1,1,1,1,0.0,0.0,0.0,0.0
229,2019,2019-05-04,ON,1,1,1,1,45.0,110.0,390.0,435.0
230,2019,2019-05-04,Prince Edward Island,1,1,1,1,0.0,0.0,5.0,0.0
231,2019,2019-05-04,QC,1,1,1,1,15.0,95.0,265.0,330.0
232,2019,2019-05-04,Saskatchewan,1,1,1,1,5.0,10.0,30.0,40.0
233,2019,2019-05-04,Yukon,1,1,1,1,0.0,0.0,0.0,0.0
234,2019,2019-05-11,Alberta,1,1,1,1,10.0,30.0,100.0,95.0
235,2019,2019-05-11,BC,1,1,1,1,10.0,30.0,135.0,145.0
236,2019,2019-05-11,Manitoba,1,1,1,1,5.0,10.0,45.0,55.0
237,2019,2019-05-11,New Brunswick,1,1,1,1,0.0,10.0,35.0,35.0
238,2019,2019-05-11,Newfoundland and Labrador,1,1,1,1,0.0,10.0,15.0,20.0
239,2019,2019-05-11,Northwest Territories,1,1,1,1,0.0,0.0,5.0,0.0
240,2019,2019-05-11,Nova Scotia,1,1,1,1,5.0,10.0,45.0,35.0
241,2019,2019-05-11,Nunavut,1,1,1,1,0.0,0.0,0.0,0.0
242,2019,2019-05-11,ON,1,1,1,1,35.0,115.0,370.0,425.0
243,2019,2019-05-11,Prince Edward Island,1,1,1,1,0.0,0.0,10.0,10.0
244,2019,2019-05-11,QC,1,1,1,1,10.0,70.0,260.0,330.0
245,2019,2019-05-11,Saskatchewan,1,1,1,1,5.0,15.0,30.0,45.0
246,2019,2019-05-11,Yukon,1,1,1,1,0.0,0.0,0.0,0.0
247,2019,2019-05-18,Alberta,1,1,1,1,15.0,40.0,80.0,90.0
248,2019,2019-05-18,BC,1,1,1,1,15.0,40.0,145.0,170.0
249,2019,2019-05-18,Manitoba,1,1,1,1,15.0,25.0,50.0,40.0
250,2019,2019-05-18,New Brunswick,1,1,1,1,0.0,0.0,35.0,25.0
251,2019,2019-05-18,Newfoundland and Labrador,1,1,1,1,0.0,5.0,15.0,15.0
252,2019,2019-05-18,Northwest Territories,1,1,1,1,0.0,0.0,0.0,0.0
253,2019,2019-05-18,Nova Scotia,1,1,1,1,5.0,10.0,35.0,35.0
254,2019,2019-05-18,Nunavut,1,1,1,1,0.0,0.0,0.0,0.0
255,2019,2019-05-18,ON,1,1,1,1,40.0,125.0,360.0,465.0
256,2019,2019-05-18,Prince Edward Island,1,1,1,1,0.0,5.0,0.0,5.0
257,2019,2019-05-18,QC,1,1,1,1,10.0,65.0,255.0,320.0
258,2019,2019-05-18,Saskatchewan,1,1,1,1,5.0,10.0,25.0,30.0
259,2019,2019-05-18,Yukon,1,1,1,1,0.0,0.0,0.0,0.0
260,2019,2019-05-25,Alberta,1,1,1,1,20.0,40.0,90.0,95.0
261,2019,2019-05-25,BC,1,1,1,1,15.0,40.0,125.0,165.0
262,2019,2019-05-25,Manitoba,1,1,1,1,0.0,15.0,30.0,35.0
263,2019,2019-05-25,New Brunswick,1,1,1,1,0.0,5.0,30.0,35.0
264,2019,2019-05-25,Newfoundland and Labrador,1,1,1,1,0.0,5.0,20.0,15.0
265,2019,2019-05-25,Northwest Territories,1,1,1,1,0.0,0.0,0.0,0.0
266,2019,2019-05-25,Nova Scotia,1,1,1,1,10.0,10.0,45.0,45.0
267,2019,2019-05-25,Nunavut,1,1,1,1,0.0,0.0,0.0,0.0
268,2019,2019-05-25,ON,1,1,1,1,25.0,95.0,365.0,450.0
269,2019,2019-05-25,Prince Edward Island,1,1,1,1,5.0,0.0,5.0,0.0
270,2019,2019-05-25,QC,1,1,1,1,10.0,65.0,245.0,320.0
271,2019,2019-05-25,Saskatchewan,1,1,1,1,5.0,10.0,35.0,40.0
272,2019,2019-05-25,Yukon,1,1,1,1,0.0,0.0,0.0,0.0
273,2019,2019-06-01,Alberta,1,1,1,1,20.0,35.0,90.0,115.0
274,2019,2019-06-01,BC,1,1,1,1,10.0,45.0,145.0,150.0
275,2019,2019-06-01,Manitoba,1,1,1,1,5.0,15.0,30.0,45.0
276,2019,2019-06-01,New Brunswick,1,1,1,1,0.0,10.0,30.0,35.0
277,2019,2019-06-01,Newfoundland and Labrador,1,1,1,1,0.0,5.0,20.0,15.0
278,2019,2019-06-01,Northwest Territories,1,1,1,1,0.0,0.0,5.0,0.0
279,2019,2019-06-01,Nova Scotia,1,1,1,1,0.0,10.0,35.0,40.0
280,2019,2019-06-01,Nunavut,1,1,1,1,0.0,0.0,0.0,0.0
281,2019,2019-06-01,ON,1,1,1,1,30.0,125.0,330.0,420.0
282,2019,2019-06-01,Prince Edward Island,1,1,1,1,0.0,5.0,0.0,10.0
283,2019,2019-06-01,QC,1,1,1,1,15.0,65.0,245.0,295.0
284,2019,2019-06-01,Saskatchewan,1,1,1,1,10.0,10.0,30.0,45.0
285,2019,2019-06-01,Yukon,1,1,1,1,0.0,0.0,0.0,0.0
286,2019,2019-06-08,Alberta,1,1,1,1,10.0,25.0,75.0,90.0
287,2019,2019-06-08,BC,1,1,1,1,10.0,50.0,120.0,150.0
288,2019,2019-06-08,Manitoba,1,1,1,1,5.0,20.0,35.0,45.0
289,2019,2019-06-08,New Brunswick,1,1,1,1,0.0,15.0,25.0,30.0
290,2019,2019-06-08,Newfoundland and Labrador,1,1,1,1,5.0,0.0,20.0,15.0
291,2019,2019-06-08,Northwest Territories,1,1,1,1,0.0,0.0,0.0,0.0
292,2019,2019-06-08,Nova Scotia,1,1,1,1,5.0,0.0,35.0,40.0
293,2019,2019-06-08,Nunavut,1,1,1,1,0.0,0.0,5.0,0.0
294,2019,2019-06-08,ON,1,1,1,1,30.0,120.0,360.0,450.0
295,2019,2019-06-08,Prince Edward Island,1,1,1,1,0.0,0.0,5.0,0.0
296,2019,2019-06-08,QC,1,1,1,1,15.0,60.0,250.0,285.0
297,2019,2019-06-08,Saskatchewan,1,1,1,1,5.0,15.0,25.0,45.0
298,2019,2019-06-08,Yukon,1,1,1,1,0.0,0.0,0.0,0.0
299,2019,2019-06-15,Alberta,1,1,1,1,10.0,35.0,110.0,90.0
300,2019,2019-06-15,BC,1,1,1,1,15.0,50.0,120.0,150.0
301,2019,2019-06-15,Manitoba,1,1,1,1,0.0,15.0,25.0,40.0
302,2019,2019-06-15,New Brunswick,1,1,1,1,0.0,10.0,30.0,30.0
303,2019,2019-06-15,Newfoundland and Labrador,1,1,1,1,0.0,10.0,20.0,15.0
304,2019,2019-06-15,Northwest Territories,1,1,1,1,0.0,5.0,5.0,0.0
305,2019,2019-06-15,Nova Scotia,1,1,1,1,0.0,10.0,45.0,35.0
306,2019,2019-06-15,Nunavut,1,1,1,1,0.0,0.0,0.0,0.0
307,2019,2019-06-15,ON,1,1,1,1,35.0,110.0,360.0,450.0
308,2019,2019-06-15,Prince Edward Island,1,1,1,1,0.0,0.0,10.0,5.0
309,2019,2019-06-15,QC,1,1,1,1,15.0,70.0,205.0,300.0
310,2019,2019-06-15,Saskatchewan,1,1,1,1,5.0,15.0,35.0,40.0
311,2019,2019-06-15,Yukon,1,1,1,1,0.0,0.0,0.0,0.0
312,2019,2019-06-22,Alberta,1,1,1,1,15.0,35.0,75.0,100.0
313,2019,2019-06-22,BC,1,1,1,1,15.0,30.0,115.0,130.0
314,2019,2019-06-22,Manitoba,1,1,1,1,5.0,15.0,40.0,45.0
315,2019,2019-06-22,New Brunswick,1,1,1,1,0.0,5.0,35.0,25.0
316,2019,2019-06-22,Newfoundland and Labrador,1,1,1,1,0.0,10.0,20.0,25.0
317,2019,2019-06-22,Northwest Territories,1,1,1,1,0.0,0.0,0.0,0.0
318,2019,2019-06-22,Nova Scotia,1,1,1,1,0.0,10.0,40.0,40.0
319,2019,2019-06-22,Nunavut,1,1,1,1,5.0,0.0,0.0,0.0
320,2019,2019-06-22,ON,1,1,1,1,30.0,95.0,345.0,455.0
321,2019,2019-06-22,Prince Edward Island,1,1,1,1,0.0,0.0,5.0,10.0
322,2019,2019-06-22,QC,1,1,1,1,10.0,65.0,225.0,280.0
323,2019,2019-06-22,Saskatchewan,1,1,1,1,5.0,10.0,30.0,30.0
324,2019,2019-06-22,Yukon,1,1,1,1,0.0,0.0,0.0,0.0
325,2019,2019-06-29,Alberta,1,1,1,1,20.0,25.0,85.0,100.0
326,2019,2019-06-29,BC,1,1,1,1,10.0,50.0,115.0,155.0
327,2019,2019-06-29,Manitoba,1,1,1,1,5.0,15.0,45.0,35.0
328,2019,2019-06-29,New Brunswick,1,1,1,1,0.0,5.0,20.0,20.0
329,2019,2019-06-29,Newfoundland and Labrador,1,1,1,1,0.0,5.0,20.0,25.0
330,2019,2019-06-29,Northwest Territories,1,1,1,1,0.0,0.0,0.0,0.0
331,2019,2019-06-29,Nova Scotia,1,1,1,1,0.0,15.0,35.0,40.0
332,2019,2019-06-29,Nunavut,1,1,1,1,0.0,0.0,0.0,0.0
333,2019,2019-06-29,ON,1,1,1,1,35.0,95.0,345.0,405.0
334,2019,2019-06-29,Prince Edward Island,1,1,1,1,0.0,0.0,5.0,10.0
335,2019,2019-06-29,QC,1,1,1,1,15.0,60.0,245.0,290.0
336,2019,2019-06-29,Saskatchewan,1,1,1,1,5.0,10.0,35.0,25.0
337,2019,2019-06-29,Yukon,1,1,1,1,0.0,0.0,0.0,0.0
338,2019,2019-07-06,Alberta,1,1,1,1,15.0,35.0,85.0,85.0
339,2019,2019-07-06,BC,1,1,1,1,10.0,40.0,135.0,165.0
340,2019,2019-07-06,Manitoba,1,1,1,1,10.0,15.0,25.0,35.0
341,2019,2019-07-06,New Brunswick,1,1,1,1,0.0,5.0,30.0,35.0
342,2019,2019-07-06,Newfoundland and Labrador,1,1,1,1,0.0,10.0,25.0,10.0
343,2019,2019-07-06,Northwest Territories,1,1,1,1,0.0,0.0,0.0,5.0
344,2019,2019-07-06,Nova Scotia,1,1,1,1,5.0,15.0,45.0,35.0
345,2019,2019-07-06,Nunavut,1,1,1,1,0.0,0.0,0.0,0.0
346,2019,2019-07-06,ON,1,1,1,1,30.0,115.0,365.0,420.0
347,2019,2019-07-06,Prince Edward Island,1,1,1,1,0.0,0.0,5.0,5.0
348,2019,2019-07-06,QC,1,1,1,1,20.0,60.0,250.0,285.0
349,2019,2019-07-06,Saskatchewan,1,1,1,1,5.0,5.0,45.0,30.0
350,2019,2019-07-06,Yukon,1,1,1,1,0.0,0.0,0.0,0.0
351,2019,2019-07-13,Alberta,1,1,1,1,10.0,35.0,100.0,75.0
352,2019,2019-07-13,BC,1,1,1,1,15.0,30.0,120.0,140.0
353,2019,2019-07-13,Manitoba,1,1,1,1,10.0,10.0,40.0,50.0
354,2019,2019-07-13,New Brunswick,1,1,1,1,0.0,10.0,30.0,25.0
355,2019,2019-07-13,Newfoundland and Labrador,1,1,1,1,0.0,5.0,30.0,15.0
356,2019,2019-07-13,Northwest Territories,1,1,1,1,0.0,0.0,0.0,0.0
357,2019,2019-07-13,Nova Scotia,1,1,1,1,5.0,10.0,35.0,40.0
358,2019,2019-07-13,Nunavut,1,1,1,1,0.0,0.0,5.0,0.0
359,2019,2019-07-13,ON,1,1,1,1,35.0,110.0,320.0,440.0
360,2019,2019-07-13,Prince Edward Island,1,1,1,1,0.0,0.0,5.0,5.0
361,2019,2019-07-13,QC,1,1,1,1,15.0,75.0,235.0,265.0
362,2019,2019-07-13,Saskatchewan,1,1,1,1,5.0,10.0,30.0,40.0
363,2019,2019-07-13,Yukon,1,1,1,1,0.0,0.0,0.0,0.0
364,2019,2019-07-20,Alberta,1,1,1,1,10.0,45.0,85.0,90.0
365,2019,2019-07-20,BC,1,1,1,1,10.0,40.0,135.0,150.0
366,2019,2019-07-20,Manitoba,1,1,1,1,5.0,15.0,25.0,40.0
367,2019,2019-07-20,New Brunswick,1,1,1,1,5.0,5.0,20.0,30.0
368,2019,2019-07-20,Newfoundland and Labrador,1,1,1,1,0.0,5.0,20.0,15.0
369,2019,2019-07-20,Northwest Territories,1,1,1,1,0.0,0.0,5.0,0.0
370,2019,2019-07-20,Nova Scotia,1,1,1,1,5.0,10.0,30.0,20.0
371,2019,2019-07-20,Nunavut,1,1,1,1,0.0,0.0,0.0,0.0
372,2019,2019-07-20,ON,1,1,1,1,35.0,120.0,345.0,440.0
373,2019,2019-07-20,Prince Edward Island,1,1,1,1,0.0,0.0,10.0,5.0
374,2019,2019-07-20,QC,1,1,1,1,15.0,65.0,255.0,280.0
375,2019,2019-07-20,Saskatchewan,1,1,1,1,0.0,15.0,35.0,35.0
376,2019,2019-07-20,Yukon,1,1,1,1,0.0,0.0,0.0,0.0
377,2019,2019-07-27,Alberta,1,1,1,1,15.0,30.0,75.0,90.0
378,2019,2019-07-27,BC,1,1,1,1,10.0,45.0,110.0,160.0
379,2019,2019-07-27,Manitoba,1,1,1,1,5.0,10.0,45.0,40.0
380,2019,2019-07-27,New Brunswick,1,1,1,1,0.0,10.0,25.0,30.0
381,2019,2019-07-27,Newfoundland and Labrador,1,1,1,1,0.0,10.0,25.0,15.0
382,2019,2019-07-27,Northwest Territories,1,1,1,1,0.0,0.0,0.0,0.0
383,2019,2019-07-27,Nova Scotia,1,1,1,1,0.0,15.0,40.0,25.0
384,2019,2019-07-27,Nunavut,1,1,1,1,0.0,0.0,0.0,0.0
385,2019,2019-07-27,ON,1,1,1,1,30.0,105.0,355.0,400.0
386,2019,2019-07-27,Prince Edward Island,1,1,1,1,0.0,0.0,0.0,0.0
387,2019,2019-07-27,QC,1,1,1,1,20.0,60.0,240.0,245.0
388,2019,2019-07-27,Saskatchewan,1,1,1,1,5.0,10.0,40.0,40.0
389,2019,2019-07-27,Yukon,1,1,1,1,0.0,0.0,0.0,0.0
390,2019,2019-08-03,Alberta,1,1,1,1,20.0,40.0,70.0,85.0
391,2019,2019-08-03,BC,1,1,1,1,10.0,50.0,110.0,145.0
392,2019,2019-08-03,Manitoba,1,1,1,1,5.0,5.0,35.0,45.0
393,2019,2019-08-03,New Brunswick,1,1,1,1,5.0,10.0,40.0,35.0
394,2019,2019-08-03,Newfoundland and Labrador,1,1,1,1,0.0,5.0,30.0,20.0
395,2019,2019-08-03,Northwest Territories,1,1,1,1,0.0,0.0,0.0,0.0
396,2019,2019-08-03,Nova Scotia,1,1,1,1,5.0,15.0,35.0,40.0
397,2019,2019-08-03,Nunavut,1,1,1,1,0.0,0.0,0.0,0.0
398,2019,2019-08-03,ON,1,1,1,1,30.0,100.0,345.0,405.0
399,2019,2019-08-03,Prince Edward Island,1,1,1,1,0.0,5.0,5.0,5.0
400,2019,2019-08-03,QC,1,1,1,1,5.0,60.0,230.0,230.0
401,2019,2019-08-03,Saskatchewan,1,1,1,1,5.0,10.0,30.0,50.0
402,2019,2019-08-03,Yukon,1,1,1,1,0.0,0.0,0.0,0.0
403,2019,2019-08-10,Alberta,1,1,1,1,10.0,30.0,85.0,80.0
404,2019,2019-08-10,BC,1,1,1,1,20.0,30.0,150.0,140.0
405,2019,2019-08-10,Manitoba,1,1,1,1,15.0,15.0,35.0,45.0
406,2019,2019-08-10,New Brunswick,1,1,1,1,5.0,10.0,40.0,30.0
407,2019,2019-08-10,Newfoundland and Labrador,1,1,1,1,0.0,5.0,20.0,10.0
408,2019,2019-08-10,Northwest Territories,1,1,1,1,0.0,0.0,0.0,5.0
409,2019,2019-08-10,Nova Scotia,1,1,1,1,5.0,5.0,35.0,35.0
410,2019,2019-08-10,Nunavut,1,1,1,1,0.0,0.0,0.0,0.0
411,2019,2019-08-10,ON,1,1,1,1,40.0,120.0,345.0,420.0
412,2019,2019-08-10,Prince Edward Island,1,1,1,1,0.0,5.0,5.0,5.0
413,2019,2019-08-10,QC,1,1,1,1,10.0,50.0,240.0,275.0
414,2019,2019-08-10,Saskatchewan,1,1,1,1,5.0,10.0,25.0,35.0
415,2019,2019-08-10,Yukon,1,1,1,1,0.0,0.0,0.0,0.0
416,2019,2019-08-17,Alberta,1,1,1,1,10.0,35.0,75.0,90.0
417,2019,2019-08-17,BC,1,1,1,1,20.0,40.0,130.0,150.0
418,2019,2019-08-17,Manitoba,1,1,1,1,5.0,15.0,40.0,40.0
419,2019,2019-08-17,New Brunswick,1,1,1,1,0.0,5.0,30.0,35.0
420,2019,2019-08-17,Newfoundland and Labrador,1,1,1,1,0.0,5.0,20.0,10.0
421,2019,2019-08-17,Northwest Territories,1,1,1,1,0.0,0.0,0.0,0.0
422,2019,2019-08-17,Nova Scotia,1,1,1,1,0.0,10.0,40.0,35.0
423,2019,2019-08-17,Nunavut,1,1,1,1,0.0,0.0,0.0,0.0
424,2019,2019-08-17,ON,1,1,1,1,45.0,105.0,365.0,425.0
425,2019,2019-08-17,Prince Edward Island,1,1,1,1,0.0,5.0,5.0,5.0
426,2019,2019-08-17,QC,1,1,1,1,15.0,65.0,240.0,265.0
427,2019,2019-08-17,Saskatchewan,1,1,1,1,5.0,10.0,40.0,40.0
428,2019,2019-08-17,Yukon,1,1,1,1,0.0,0.0,0.0,0.0
429,2019,2019-08-24,Alberta,1,1,1,1,10.0,30.0,100.0,95.0
430,2019,2019-08-24,BC,1,1,1,1,5.0,40.0,120.0,165.0
431,2019,2019-08-24,Manitoba,1,1,1,1,10.0,10.0,45.0,35.0
432,2019,2019-08-24,New Brunswick,1,1,1,1,0.0,5.0,25.0,25.0
433,2019,2019-08-24,Newfoundland and Labrador,1,1,1,1,0.0,5.0,25.0,15.0
434,2019,2019-08-24,Northwest Territories,1,1,1,1,0.0,0.0,0.0,0.0
435,2019,2019-08-24,Nova Scotia,1,1,1,1,0.0,15.0,35.0,45.0
436,2019,2019-08-24,Nunavut,1,1,1,1,0.0,0.0,0.0,0.0
437,2019,2019-08-24,ON,1,1,1,1,40.0,115.0,335.0,445.0
438,2019,2019-08-24,Prince Edward Island,1,1,1,1,0.0,0.0,5.0,5.0
439,2019,2019-08-24,QC,1,1,1,1,10.0,70.0,220.0,225.0
440,2019,2019-08-24,Saskatchewan,1,1,1,1,5.0,20.0,30.0,45.0
441,2019,2019-08-24,Yukon,1,1,1,1,0.0,0.0,0.0,0.0
442,2019,2019-08-31,Alberta,1,1,1,1,10.0,25.0,65.0,100.0
443,2019,2019-08-31,BC,1,1,1,1,15.0,35.0,120.0,150.0
444,2019,2019-08-31,Manitoba,1,1,1,1,5.0,15.0,25.0,45.0
445,2019,2019-08-31,New Brunswick,1,1,1,1,0.0,10.0,25.0,35.0
446,2019,2019-08-31,Newfoundland and Labrador,1,1,1,1,0.0,10.0,20.0,20.0
447,2019,2019-08-31,Northwest Territories,1,1,1,1,0.0,0.0,0.0,0.0
448,2019,2019-08-31,Nova Scotia,1,1,1,1,0.0,10.0,50.0,45.0
449,2019,2019-08-31,Nunavut,1,1,1,1,0.0,0.0,0.0,0.0
450,2019,2019-08-31,ON,1,1,1,1,35.0,100.0,370.0,445.0
451,2019,2019-08-31,Prince Edward Island,1,1,1,1,0.0,0.0,5.0,5.0
452,2019,2019-08-31,QC,1,1,1,1,15.0,50.0,230.0,285.0
453,2019,2019-08-31,Saskatchewan,1,1,1,1,0.0,5.0,30.0,40.0
454,2019,2019-08-31,Yukon,1,1,1,1,0.0,0.0,0.0,0.0
455,2019,2019-09-07,Alberta,1,1,1,1,15.0,25.0,90.0,110.0
456,2019,2019-09-07,BC,1,1,1,1,10.0,35.0,135.0,135.0
457,2019,2019-09-07,Manitoba,1,1,1,1,10.0,5.0,50.0,40.0
458,2019,2019-09-07,New Brunswick,1,1,1,1,5.0,5.0,30.0,40.0
459,2019,2019-09-07,Newfoundland and Labrador,1,1,1,1,5.0,10.0,25.0,15.0
460,2019,2019-09-07,Northwest Territories,1,1,1,1,0.0,0.0,0.0,0.0
461,2019,2019-09-07,Nova Scotia,1,1,1,1,0.0,10.0,30.0,30.0
462,2019,2019-09-07,Nunavut,1,1,1,1,0.0,0.0,0.0,0.0
463,2019,2019-09-07,ON,1,1,1,1,20.0,115.0,360.0,410.0
464,2019,2019-09-07,Prince Edward Island,1,1,1,1,0.0,0.0,10.0,5.0
465,2019,2019-09-07,QC,1,1,1,1,15.0,50.0,250.0,255.0
466,2019,2019-09-07,Saskatchewan,1,1,1,1,0.0,10.0,25.0,45.0
467,2019,2019-09-07,Yukon,1,1,1,1,0.0,0.0,0.0,0.0
468,2019,2019-09-14,Alberta,1,1,1,1,5.0,30.0,90.0,80.0
469,2019,2019-09-14,BC,1,1,1,1,10.0,40.0,115.0,130.0
470,2019,2019-09-14,Manitoba,1,1,1,1,5.0,10.0,40.0,45.0
471,2019,2019-09-14,New Brunswick,1,1,1,1,0.0,10.0,25.0,40.0
472,2019,2019-09-14,Newfoundland and Labrador,1,1,1,1,0.0,5.0,20.0,20.0
473,2019,2019-09-14,Northwest Territories,1,1,1,1,0.0,0.0,0.0,5.0
474,2019,2019-09-14,Nova Scotia,1,1,1,1,0.0,10.0,35.0,35.0
475,2019,2019-09-14,Nunavut,1,1,1,1,0.0,0.0,0.0,0.0
476,2019,2019-09-14,ON,1,1,1,1,25.0,90.0,365.0,465.0
477,2019,2019-09-14,Prince Edward Island,1,1,1,1,0.0,0.0,5.0,5.0
478,2019,2019-09-14,QC,1,1,1,1,10.0,60.0,260.0,255.0
479,2019,2019-09-14,Saskatchewan,1,1,1,1,5.0,20.0,25.0,40.0
480,2019,2019-09-14,Yukon,1,1,1,1,0.0,0.0,0.0,0.0
481,2019,2019-09-21,Alberta,1,1,1,1,15.0,40.0,80.0,80.0
482,2019,2019-09-21,BC,1,1,1,1,10.0,55.0,120.0,145.0
483,2019,2019-09-21,Manitoba,1,1,1,1,10.0,10.0,40.0,40.0
484,2019,2019-09-21,New Brunswick,1,1,1,1,5.0,10.0,25.0,40.0
485,2019,2019-09-21,Newfoundland and Labrador,1,1,1,1,0.0,10.0,20.0,15.0
486,2019,2019-09-21,Northwest Territories,1,1,1,1,0.0,0.0,0.0,0.0
487,2019,2019-09-21,Nova Scotia,1,1,1,1,0.0,15.0,20.0,35.0
488,2019,2019-09-21,Nunavut,1,1,1,1,0.0,0.0,0.0,5.0
489,2019,2019-09-21,ON,1,1,1,1,25.0,110.0,335.0,400.0
490,2019,2019-09-21,Prince Edward Island,1,1,1,1,0.0,0.0,10.0,10.0
491,2019,2019-09-21,QC,1,1,1,1,10.0,70.0,245.0,265.0
492,2019,2019-09-21,Saskatchewan,1,1,1,1,10.0,10.0,25.0,35.0
493,2019,2019-09-21,Yukon,1,1,1,1,0.0,0.0,0.0,0.0
494,2019,2019-09-28,Alberta,1,1,1,1,15.0,40.0,95.0,100.0
495,2019,2019-09-28,BC,1,1,1,1,5.0,35.0,125.0,150.0
496,2019,2019-09-28,Manitoba,1,1,1,1,0.0,10.0,40.0,45.0
497,2019,2019-09-28,New Brunswick,1,1,1,1,0.0,15.0,35.0,25.0
498,2019,2019-09-28,Newfoundland and Labrador,1,1,1,1,0.0,10.0,20.0,20.0
499,2019,2019-09-28,Northwest Territories,1,1,1,1,0.0,0.0,0.0,0.0
500,2019,2019-09-28,Nova Scotia,1,1,1,1,5.0,10.0,35.0,30.0
501,2019,2019-09-28,Nunavut,1,1,1,1,0.0,0.0,5.0,0.0
502,2019,2019-09-28,ON,1,1,1,1,40.0,140.0,410.0,470.0
503,2019,2019-09-28,Prince Edward Island,1,1,1,1,0.0,5.0,5.0,10.0
504,2019,2019-09-28,QC,1,1,1,1,15.0,60.0,260.0,300.0
505,2019,2019-09-28,Saskatchewan,1,1,1,1,5.0,10.0,30.0,50.0
506,2019,2019-09-28,Yukon,1,1,1,1,0.0,0.0,0.0,0.0
507,2019,2019-10-05,Alberta,1,1,1,1,10.0,35.0,90.0,85.0
508,2019,2019-10-05,BC,1,1,1,1,15.0,40.0,130.0,140.0
509,2019,2019-10-05,Manitoba,1,1,1,1,0.0,25.0,40.0,45.0
510,2019,2019-10-05,New Brunswick,1,1,1,1,0.0,10.0,40.0,30.0
511,2019,2019-10-05,Newfoundland and Labrador,1,1,1,1,0.0,5.0,20.0,10.0
512,2019,2019-10-05,Northwest Territories,1,1,1,1,0.0,0.0,5.0,0.0
513,2019,2019-10-05,Nova Scotia,1,1,1,1,0.0,10.0,40.0,35.0
514,2019,2019-10-05,Nunavut,1,1,1,1,0.0,0.0,0.0,0.0
515,2019,2019-10-05,ON,1,1,1,1,30.0,100.0,370.0,480.0
516,2019,2019-10-05,Prince Edward Island,1,1,1,1,0.0,0.0,5.0,10.0
517,2019,2019-10-05,QC,1,1,1,1,20.0,70.0,280.0,300.0
518,2019,2019-10-05,Saskatchewan,1,1,1,1,0.0,10.0,25.0,40.0
519,2019,2019-10-05,Yukon,1,1,1,1,0.0,0.0,0.0,0.0
520,2019,2019-10-12,Alberta,1,1,1,1,10.0,30.0,95.0,110.0
521,2019,2019-10-12,BC,1,1,1,1,5.0,35.0,110.0,165.0
522,2019,2019-10-12,Manitoba,1,1,1,1,0.0,15.0,25.0,50.0
523,2019,2019-10-12,New Brunswick,1,1,1,1,0.0,10.0,25.0,25.0
524,2019,2019-10-12,Newfoundland and Labrador,1,1,1,1,0.0,0.0,15.0,15.0
525,2019,2019-10-12,Northwest Territories,1,1,1,1,0.0,0.0,0.0,0.0
526,2019,2019-10-12,Nova Scotia,1,1,1,1,5.0,10.0,35.0,40.0
527,2019,2019-10-12,Nunavut,1,1,1,1,0.0,0.0,5.0,0.0
528,2019,2019-10-12,ON,1,1,1,1,30.0,115.0,405.0,470.0
529,2019,2019-10-12,Prince Edward Island,1,1,1,1,0.0,0.0,0.0,15.0
530,2019,2019-10-12,QC,1,1,1,1,10.0,60.0,255.0,280.0
531,2019,2019-10-12,Saskatchewan,1,1,1,1,0.0,5.0,30.0,40.0
532,2019,2019-10-12,Yukon,1,1,1,1,0.0,0.0,0.0,0.0
533,2019,2019-10-19,Alberta,1,1,1,1,10.0,30.0,100.0,110.0
534,2019,2019-10-19,BC,1,1,1,1,10.0,40.0,130.0,185.0
535,2019,2019-10-19,Manitoba,1,1,1,1,10.0,10.0,40.0,55.0
536,2019,2019-10-19,New Brunswick,1,1,1,1,0.0,5.0,35.0,35.0
537,2019,2019-10-19,Newfoundland and Labrador,1,1,1,1,0.0,10.0,25.0,20.0
538,2019,2019-10-19,Northwest Territories,1,1,1,1,0.0,0.0,5.0,0.0
539,2019,2019-10-19,Nova Scotia,1,1,1,1,5.0,5.0,60.0,35.0
540,2019,2019-10-19,Nunavut,1,1,1,1,5.0,5.0,0.0,0.0
541,2019,2019-10-19,ON,1,1,1,1,25.0,110.0,380.0,490.0
542,2019,2019-10-19,Prince Edward Island,1,1,1,1,0.0,0.0,5.0,10.0
543,2019,2019-10-19,QC,1,1,1,1,20.0,85.0,275.0,295.0
544,2019,2019-10-19,Saskatchewan,1,1,1,1,5.0,10.0,40.0,40.0
545,2019,2019-10-19,Yukon,1,1,1,1,0.0,0.0,0.0,0.0
546,2019,2019-10-26,Alberta,1,1,1,1,10.0,30.0,100.0,115.0
547,2019,2019-10-26,BC,1,1,1,1,5.0,40.0,130.0,160.0
548,2019,2019-10-26,Manitoba,1,1,1,1,5.0,10.0,40.0,50.0
549,2019,2019-10-26,New Brunswick,1,1,1,1,5.0,10.0,40.0,20.0
550,2019,2019-10-26,Newfoundland and Labrador,1,1,1,1,0.0,5.0,20.0,20.0
551,2019,2019-10-26,Northwest Territories,1,1,1,1,0.0,0.0,0.0,0.0
552,2019,2019-10-26,Nova Scotia,1,1,1,1,5.0,10.0,40.0,25.0
553,2019,2019-10-26,Nunavut,1,1,1,1,0.0,0.0,0.0,0.0
554,2019,2019-10-26,ON,1,1,1,1,35.0,100.0,395.0,505.0
555,2019,2019-10-26,Prince Edward Island,1,1,1,1,0.0,0.0,5.0,5.0
556,2019,2019-10-26,QC,1,1,1,1,15.0,70.0,275.0,315.0
557,2019,2019-10-26,Saskatchewan,1,1,1,1,5.0,10.0,25.0,35.0
558,2019,2019-10-26,Yukon,1,1,1,1,0.0,0.0,0.0,0.0
559,2019,2019-11-02,Alberta,1,1,1,1,15.0,30.0,90.0,115.0
560,2019,2019-11-02,BC,1,1,1,1,10.0,45.0,130.0,185.0
561,2019,2019-11-02,Manitoba,1,1,1,1,10.0,10.0,40.0,55.0
562,2019,2019-11-02,New Brunswick,1,1,1,1,5.0,10.0,40.0,35.0
563,2019,2019-11-02,Newfoundland and Labrador,1,1,1,1,5.0,10.0,30.0,10.0
564,2019,2019-11-02,Northwest Territories,1,1,1,1,0.0,0.0,0.0,5.0
565,2019,2019-11-02,Nova Scotia,1,1,1,1,0.0,15.0,50.0,35.0
566,2019,2019-11-02,Nunavut,1,1,1,1,0.0,0.0,0.0,0.0
567,2019,2019-11-02,ON,1,1,1,1,45.0,105.0,395.0,475.0
568,2019,2019-11-02,Prince Edward Island,1,1,1,1,0.0,0.0,0.0,5.0
569,2019,2019-11-02,QC,1,1,1,1,10.0,60.0,275.0,300.0
570,2019,2019-11-02,Saskatchewan,1,1,1,1,5.0,10.0,35.0,50.0
571,2019,2019-11-02,Yukon,1,1,1,1,0.0,0.0,0.0,0.0
572,2019,2019-11-09,Alberta,1,1,1,1,15.0,35.0,95.0,95.0
573,2019,2019-11-09,BC,1,1,1,1,15.0,45.0,130.0,170.0
574,2019,2019-11-09,Manitoba,1,1,1,1,10.0,10.0,35.0,55.0
575,2019,2019-11-09,New Brunswick,1,1,1,1,0.0,10.0,25.0,40.0
576,2019,2019-11-09,Newfoundland and Labrador,1,1,1,1,0.0,10.0,25.0,15.0
577,2019,2019-11-09,Northwest Territories,1,1,1,1,0.0,0.0,0.0,5.0
578,2019,2019-11-09,Nova Scotia,1,1,1,1,0.0,10.0,40.0,45.0
579,2019,2019-11-09,Nunavut,1,1,1,1,0.0,0.0,0.0,0.0
580,2019,2019-11-09,ON,1,1,1,1,45.0,130.0,400.0,500.0
581,2019,2019-11-09,Prince Edward Island,1,1,1,1,0.0,0.0,5.0,10.0
582,2019,2019-11-09,QC,1,1,1,1,20.0,80.0,245.0,295.0
583,2019,2019-11-09,Saskatchewan,1,1,1,1,10.0,10.0,30.0,35.0
584,2019,2019-11-09,Yukon,1,1,1,1,0.0,0.0,0.0,0.0
585,2019,2019-11-16,Alberta,1,1,1,1,10.0,35.0,80.0,95.0
586,2019,2019-11-16,BC,1,1,1,1,10.0,45.0,125.0,165.0
587,2019,2019-11-16,Manitoba,1,1,1,1,5.0,15.0,40.0,30.0
588,2019,2019-11-16,New Brunswick,1,1,1,1,0.0,10.0,30.0,25.0
589,2019,2019-11-16,Newfoundland and Labrador,1,1,1,1,0.0,10.0,20.0,25.0
590,2019,2019-11-16,Northwest Territories,1,1,1,1,0.0,0.0,5.0,0.0
591,2019,2019-11-16,Nova Scotia,1,1,1,1,0.0,5.0,45.0,45.0
592,2019,2019-11-16,Nunavut,1,1,1,1,0.0,0.0,0.0,0.0
593,2019,2019-11-16,ON,1,1,1,1,30.0,130.0,390.0,510.0
594,2019,2019-11-16,Prince Edward Island,1,1,1,1,0.0,0.0,10.0,0.0
595,2019,2019-11-16,QC,1,1,1,1,15.0,65.0,250.0,320.0
596,2019,2019-11-16,Saskatchewan,1,1,1,1,10.0,10.0,25.0,45.0
597,2019,2019-11-16,Yukon,1,1,1,1,0.0,0.0,0.0,0.0
598,2019,2019-11-23,Alberta,1,1,1,1,10.0,25.0,80.0,95.0
599,2019,2019-11-23,BC,1,1,1,1,20.0,45.0,110.0,195.0
600,2019,2019-11-23,Manitoba,1,1,1,1,0.0,10.0,50.0,60.0
601,2019,2019-11-23,New Brunswick,1,1,1,1,0.0,5.0,35.0,30.0
602,2019,2019-11-23,Newfoundland and Labrador,1,1,1,1,0.0,10.0,20.0,15.0
603,2019,2019-11-23,Northwest Territories,1,1,1,1,0.0,0.0,0.0,0.0
604,2019,2019-11-23,Nova Scotia,1,1,1,1,0.0,5.0,40.0,30.0
605,2019,2019-11-23,Nunavut,1,1,1,1,0.0,0.0,0.0,0.0
606,2019,2019-11-23,ON,1,1,1,1,30.0,110.0,415.0,510.0
607,2019,2019-11-23,Prince Edward Island,1,1,1,1,0.0,0.0,5.0,5.0
608,2019,2019-11-23,QC,1,1,1,1,15.0,70.0,220.0,345.0
609,2019,2019-11-23,Saskatchewan,1,1,1,1,10.0,10.0,25.0,35.0
610,2019,2019-11-23,Yukon,1,1,1,1,0.0,0.0,0.0,0.0
611,2019,2019-11-30,Alberta,1,1,1,1,10.0,45.0,90.0,105.0
612,2019,2019-11-30,BC,1,1,1,1,10.0,50.0,135.0,180.0
613,2019,2019-11-30,Manitoba,1,1,1,1,10.0,10.0,45.0,45.0
614,2019,2019-11-30,New Brunswick,1,1,1,1,5.0,5.0,35.0,30.0
615,2019,2019-11-30,Newfoundland and Labrador,1,1,1,1,5.0,5.0,25.0,20.0
616,2019,2019-11-30,Northwest Territories,1,1,1,1,0.0,0.0,0.0,0.0
617,2019,2019-11-30,Nova Scotia,1,1,1,1,0.0,15.0,45.0,35.0
618,2019,2019-11-30,Nunavut,1,1,1,1,5.0,5.0,0.0,0.0
619,2019,2019-11-30,ON,1,1,1,1,45.0,110.0,395.0,515.0
620,2019,2019-11-30,Prince Edward Island,1,1,1,1,0.0,5.0,10.0,5.0
621,2019,2019-11-30,QC,1,1,1,1,15.0,75.0,255.0,315.0
622,2019,2019-11-30,Saskatchewan,1,1,1,1,5.0,10.0,25.0,50.0
623,2019,2019-11-30,Yukon,1,1,1,1,0.0,0.0,0.0,0.0
624,2019,2019-12-07,Alberta,1,1,1,1,15.0,30.0,105.0,110.0
625,2019,2019-12-07,BC,1,1,1,1,20.0,35.0,150.0,185.0
626,2019,2019-12-07,Manitoba,1,1,1,1,5.0,20.0,45.0,65.0
627,2019,2019-12-07,New Brunswick,1,1,1,1,10.0,5.0,40.0,20.0
628,2019,2019-12-07,Newfoundland and Labrador,1,1,1,1,5.0,5.0,25.0,10.0
629,2019,2019-12-07,Northwest Territories,1,1,1,1,0.0,0.0,0.0,0.0
630,2019,2019-12-07,Nova Scotia,1,1,1,1,5.0,10.0,35.0,40.0
631,2019,2019-12-07,Nunavut,1,1,1,1,0.0,0.0,0.0,0.0
632,2019,2019-12-07,ON,1,1,1,1,45.0,135.0,395.0,490.0
633,2019,2019-12-07,Prince Edward Island,1,1,1,1,0.0,0.0,5.0,5.0
634,2019,2019-12-07,QC,1,1,1,1,10.0,65.0,280.0,315.0
635,2019,2019-12-07,Saskatchewan,1,1,1,1,0.0,15.0,35.0,45.0
636,2019,2019-12-07,Yukon,1,1,1,1,0.0,0.0,0.0,0.0
637,2019,2019-12-14,Alberta,1,1,1,1,10.0,40.0,100.0,105.0
638,2019,2019-12-14,BC,1,1,1,1,10.0,25.0,150.0,165.0
639,2019,2019-12-14,Manitoba,1,1,1,1,10.0,15.0,50.0,50.0
640,2019,2019-12-14,New Brunswick,1,1,1,1,5.0,15.0,30.0,35.0
641,2019,2019-12-14,Newfoundland and Labrador,1,1,1,1,0.0,0.0,25.0,20.0
642,2019,2019-12-14,Northwest Territories,1,1,1,1,0.0,0.0,0.0,0.0
643,2019,2019-12-14,Nova Scotia,1,1,1,1,5.0,15.0,50.0,50.0
644,2019,2019-12-14,Nunavut,1,1,1,1,0.0,0.0,0.0,0.0
645,2019,2019-12-14,ON,1,1,1,1,35.0,130.0,400.0,465.0
646,2019,2019-12-14,Prince Edward Island,1,1,1,1,0.0,0.0,5.0,5.0
647,2019,2019-12-14,QC,1,1,1,1,15.0,60.0,245.0,345.0
648,2019,2019-12-14,Saskatchewan,1,1,1,1,0.0,10.0,30.0,50.0
649,2019,2019-12-14,Yukon,1,1,1,1,0.0,0.0,0.0,0.0
650,2019,2019-12-21,Alberta,1,1,1,1,15.0,35.0,110.0,105.0
651,2019,2019-12-21,BC,1,1,1,1,15.0,40.0,135.0,175.0
652,2019,2019-12-21,Manitoba,1,1,1,1,5.0,10.0,30.0,50.0
653,2019,2019-12-21,New Brunswick,1,1,1,1,0.0,10.0,35.0,30.0
654,2019,2019-12-21,Newfoundland and Labrador,1,1,1,1,5.0,10.0,20.0,15.0
655,2019,2019-12-21,Northwest Territories,1,1,1,1,0.0,0.0,0.0,0.0
656,2019,2019-12-21,Nova Scotia,1,1,1,1,0.0,15.0,45.0,35.0
657,2019,2019-12-21,Nunavut,1,1,1,1,0.0,0.0,0.0,0.0
658,2019,2019-12-21,ON,1,1,1,1,40.0,135.0,395.0,515.0
659,2019,2019-12-21,Prince Edward Island,1,1,1,1,0.0,0.0,0.0,5.0
660,2019,2019-12-21,QC,1,1,1,1,20.0,65.0,275.0,330.0
661,2019,2019-12-21,Saskatchewan,1,1,1,1,5.0,10.0,30.0,50.0
662,2019,2019-12-21,Yukon,1,1,1,1,0.0,0.0,0.0,0.0
663,2019,2019-12-28,Alberta,1,1,1,1,15.0,40.0,110.0,110.0
664,2019,2019-12-28,BC,1,1,1,1,10.0,45.0,145.0,165.0
665,2019,2019-12-28,Manitoba,1,1,1,1,10.0,10.0,45.0,60.0
666,2019,2019-12-28,New Brunswick,1,1,1,1,0.0,10.0,25.0,30.0
667,2019,2019-12-28,Newfoundland and Labrador,1,1,1,1,5.0,0.0,20.0,15.0
668,2019,2019-12-28,Northwest Territories,1,1,1,1,0.0,5.0,0.0,5.0
669,2019,2019-12-28,Nova Scotia,1,1,1,1,5.0,15.0,45.0,45.0
670,2019,2019-12-28,Nunavut,1,1,1,1,0.0,0.0,5.0,0.0
671,2019,2019-12-28,ON,1,1,1,1,45.0,130.0,420.0,515.0
672,2019,2019-12-28,Prince Edward Island,1,1,1,1,0.0,0.0,0.0,10.0
673,2019,2019-12-28,QC,1,1,1,1,15.0,70.0,280.0,335.0
674,2019,2019-12-28,Saskatchewan,1,1,1,1,0.0,10.0,35.0,55.0
675,2019,2019-12-28,Yukon,1,1,1,1,0.0,0.0,0.0,0.0
676,2020,2020-01-04,Alberta,1,1,1,1,10.0,25.0,105.0,125.0
677,2020,2020-01-04,BC,1,1,1,1,10.0,40.0,140.0,185.0
678,2020,2020-01-04,Manitoba,1,1,1,1,0.0,15.0,50.0,65.0
679,2020,2020-01-04,New Brunswick,1,1,1,1,5.0,15.0,35.0,40.0
680,2020,2020-01-04,Newfoundland and Labrador,1,1,1,1,0.0,5.0,15.0,15.0
681,2020,2020-01-04,Northwest Territories,1,1,1,1,0.0,0.0,0.0,0.0
682,2020,2020-01-04,Nova Scotia,1,1,1,1,0.0,15.0,50.0,40.0
683,2020,2020-01-04,Nunavut,1,1,1,1,0.0,0.0,0.0,0.0
684,2020,2020-01-04,ON,1,1,1,1,40.0,140.0,445.0,565.0
685,2020,2020-01-04,Prince Edward Island,1,1,1,1,0.0,0.0,0.0,0.0
686,2020,2020-01-04,QC,1,1,1,1,15.0,70.0,310.0,340.0
687,2020,2020-01-04,Saskatchewan,1,1,1,1,5.0,15.0,30.0,55.0
688,2020,2020-01-04,Yukon,1,1,1,1,0.0,0.0,0.0,0.0
689,2020,2020-01-11,Alberta,1,1,1,1,15.0,40.0,115.0,105.0
690,2020,2020-01-11,BC,1,1,1,1,5.0,45.0,150.0,190.0
691,2020,2020-01-11,Manitoba,1,1,1,1,10.0,15.0,45.0,70.0
692,2020,2020-01-11,New Brunswick,1,1,1,1,0.0,10.0,25.0,25.0
693,2020,2020-01-11,Newfoundland and Labrador,1,1,1,1,5.0,5.0,30.0,20.0
694,2020,2020-01-11,Northwest Territories,1,1,1,1,0.0,0.0,0.0,0.0
695,2020,2020-01-11,Nova Scotia,1,1,1,1,5.0,5.0,35.0,45.0
696,2020,2020-01-11,Nunavut,1,1,1,1,0.0,0.0,0.0,0.0
697,2020,2020-01-11,ON,1,1,1,1,45.0,130.0,440.0,560.0
698,2020,2020-01-11,Prince Edward Island,1,1,1,1,0.0,0.0,0.0,0.0
699,2020,2020-01-11,QC,1,1,1,1,15.0,85.0,310.0,390.0
700,2020,2020-01-11,Saskatchewan,1,1,1,1,5.0,10.0,40.0,55.0
701,2020,2020-01-11,Yukon,1,1,1,1,0.0,0.0,0.0,0.0
702,2020,2020-01-18,Alberta,1,1,1,1,15.0,35.0,115.0,110.0
703,2020,2020-01-18,BC,1,1,1,1,15.0,40.0,145.0,180.0
704,2020,2020-01-18,Manitoba,1,1,1,1,5.0,15.0,50.0,65.0
705,2020,2020-01-18,New Brunswick,1,1,1,1,0.0,5.0,35.0,40.0
706,2020,2020-01-18,Newfoundland and Labrador,1,1,1,1,0.0,5.0,25.0,20.0
707,2020,2020-01-18,Northwest Territories,1,1,1,1,0.0,0.0,0.0,0.0
708,2020,2020-01-18,Nova Scotia,1,1,1,1,0.0,15.0,50.0,35.0
709,2020,2020-01-18,Nunavut,1,1,1,1,0.0,0.0,0.0,0.0
710,2020,2020-01-18,ON,1,1,1,1,40.0,145.0,425.0,540.0
711,2020,2020-01-18,Prince Edward Island,1,1,1,1,0.0,0.0,0.0,0.0
712,2020,2020-01-18,QC,1,1,1,1,15.0,85.0,270.0,390.0
713,2020,2020-01-18,Saskatchewan,1,1,1,1,5.0,10.0,40.0,55.0
714,2020,2020-01-18,Yukon,1,1,1,1,0.0,0.0,0.0,0.0
715,2020,2020-01-25,Alberta,1,1,1,1,15.0,40.0,120.0,100.0
716,2020,2020-01-25,BC,1,1,1,1,20.0,45.0,155.0,200.0
717,2020,2020-01-25,Manitoba,1,1,1,1,5.0,10.0,50.0,70.0
718,2020,2020-01-25,New Brunswick,1,1,1,1,0.0,10.0,35.0,35.0
719,2020,2020-01-25,Newfoundland and Labrador,1,1,1,1,0.0,5.0,20.0,15.0
720,2020,2020-01-25,Northwest Territories,1,1,1,1,0.0,0.0,0.0,0.0
721,2020,2020-01-25,Nova Scotia,1,1,1,1,0.0,15.0,40.0,50.0
722,2020,2020-01-25,Nunavut,1,1,1,1,0.0,0.0,0.0,0.0
723,2020,2020-01-25,ON,1,1,1,1,30.0,140.0,430.0,500.0
724,2020,2020-01-25,Prince Edward Island,1,1,1,1,0.0,0.0,0.0,0.0
725,2020,2020-01-25,QC,1,1,1,1,15.0,75.0,300.0,355.0
726,2020,2020-01-25,Saskatchewan,1,1,1,1,5.0,15.0,30.0,40.0
727,2020,2020-01-25,Yukon,1,1,1,1,0.0,0.0,0.0,0.0
728,2020,2020-02-01,Alberta,1,1,1,1,10.0,40.0,90.0,115.0
729,2020,2020-02-01,BC,1,1,1,1,10.0,40.0,135.0,170.0
730,2020,2020-02-01,Manitoba,1,1,1,1,5.0,15.0,35.0,45.0
731,2020,2020-02-01,New Brunswick,1,1,1,1,0.0,5.0,25.0,45.0
732,2020,2020-02-01,Newfoundland and Labrador,1,1,1,1,0.0,0.0,30.0,35.0
733,2020,2020-02-01,Northwest Territories,1,1,1,1,0.0,0.0,0.0,0.0
734,2020,2020-02-01,Nova Scotia,1,1,1,1,0.0,10.0,40.0,35.0
735,2020,2020-02-01,Nunavut,1,1,1,1,0.0,0.0,0.0,0.0
736,2020,2020-02-01,ON,1,1,1,1,30.0,140.0,420.0,520.0
737,2020,2020-02-01,Prince Edward Island,1,1,1,1,0.0,0.0,0.0,0.0
738,2020,2020-02-01,QC,1,1,1,1,15.0,75.0,270.0,340.0
739,2020,2020-02-01,Saskatchewan,1,1,1,1,5.0,15.0,30.0,45.0
740,2020,2020-02-01,Yukon,1,1,1,1,0.0,0.0,0.0,0.0
741,2020,2020-02-08,Alberta,1,1,1,1,10.0,35.0,105.0,120.0
742,2020,2020-02-08,BC,1,1,1,1,10.0,40.0,135.0,155.0
743,2020,2020-02-08,Manitoba,1,1,1,1,10.0,20.0,50.0,50.0
744,2020,2020-02-08,New Brunswick,1,1,1,1,0.0,10.0,25.0,35.0
745,2020,2020-02-08,Newfoundland and Labrador,1,1,1,1,0.0,5.0,25.0,20.0
746,2020,2020-02-08,Northwest Territories,1,1,1,1,0.0,0.0,0.0,0.0
747,2020,2020-02-08,Nova Scotia,1,1,1,1,5.0,5.0,40.0,45.0
748,2020,2020-02-08,Nunavut,1,1,1,1,0.0,0.0,0.0,0.0
749,2020,2020-02-08,ON,1,1,1,1,40.0,120.0,395.0,515.0
750,2020,2020-02-08,Prince Edward Island,1,1,1,1,0.0,0.0,0.0,0.0
751,2020,2020-02-08,QC,1,1,1,1,10.0,90.0,290.0,355.0
752,2020,2020-02-08,Saskatchewan,1,1,1,1,5.0,15.0,25.0,50.0
753,2020,2020-02-08,Yukon,1,1,1,1,0.0,0.0,0.0,0.0
754,2020,2020-02-15,Alberta,1,1,1,1,15.0,35.0,100.0,95.0
755,2020,2020-02-15,BC,1,1,1,1,15.0,40.0,120.0,145.0
756,2020,2020-02-15,Manitoba,1,1,1,1,5.0,10.0,35.0,30.0
757,2020,2020-02-15,New Brunswick,1,1,1,1,0.0,5.0,35.0,30.0
758,2020,2020-02-15,Newfoundland and Labrador,1,1,1,1,0.0,15.0,25.0,25.0
759,2020,2020-02-15,Northwest Territories,1,1,1,1,0.0,0.0,0.0,0.0
760,2020,2020-02-15,Nova Scotia,1,1,1,1,5.0,20.0,50.0,35.0
761,2020,2020-02-15,Nunavut,1,1,1,1,0.0,0.0,0.0,0.0
762,2020,2020-02-15,ON,1,1,1,1,35.0,125.0,425.0,515.0
763,2020,2020-02-15,Prince Edward Island,1,1,1,1,0.0,0.0,0.0,0.0
764,2020,2020-02-15,QC,1,1,1,1,25.0,80.0,290.0,320.0
765,2020,2020-02-15,Saskatchewan,1,1,1,1,5.0,15.0,35.0,35.0
766,2020,2020-02-15,Yukon,1,1,1,1,0.0,0.0,0.0,0.0
767,2020,2020-02-22,Alberta,1,1,1,1,15.0,30.0,90.0,90.0
768,2020,2020-02-22,BC,1,1,1,1,15.0,55.0,130.0,170.0
769,2020,2020-02-22,Manitoba,1,1,1,1,5.0,15.0,40.0,55.0
770,2020,2020-02-22,New Brunswick,1,1,1,1,0.0,10.0,45.0,20.0
771,2020,2020-02-22,Newfoundland and Labrador,1,1,1,1,5.0,5.0,25.0,20.0
772,2020,2020-02-22,Northwest Territories,1,1,1,1,0.0,0.0,0.0,0.0
773,2020,2020-02-22,Nova Scotia,1,1,1,1,0.0,10.0,45.0,45.0
774,2020,2020-02-22,Nunavut,1,1,1,1,0.0,0.0,0.0,0.0
775,2020,2020-02-22,ON,1,1,1,1,40.0,125.0,385.0,505.0
776,2020,2020-02-22,Prince Edward Island,1,1,1,1,0.0,0.0,0.0,0.0
777,2020,2020-02-22,QC,1,1,1,1,15.0,70.0,275.0,350.0
778,2020,2020-02-22,Saskatchewan,1,1,1,1,5.0,10.0,35.0,40.0
779,2020,2020-02-22,Yukon,1,1,1,1,0.0,0.0,0.0,0.0
780,2020,2020-02-29,Alberta,1,1,1,1,10.0,30.0,105.0,100.0
781,2020,2020-02-29,BC,1,1,1,1,20.0,35.0,130.0,170.0
782,2020,2020-02-29,Manitoba,1,1,1,1,10.0,10.0,40.0,45.0
783,2020,2020-02-29,New Brunswick,1,1,1,1,5.0,5.0,30.0,50.0
784,2020,2020-02-29,Newfoundland and Labrador,1,1,1,1,0.0,5.0,30.0,20.0
785,2020,2020-02-29,Northwest Territories,1,1,1,1,0.0,0.0,0.0,0.0
786,2020,2020-02-29,Nova Scotia,1,1,1,1,5.0,10.0,50.0,45.0
787,2020,2020-02-29,Nunavut,1,1,1,1,0.0,0.0,0.0,0.0
788,2020,2020-02-29,ON,1,1,1,1,35.0,100.0,405.0,465.0
789,2020,2020-02-29,Prince Edward Island,1,1,1,1,0.0,0.0,0.0,0.0
790,2020,2020-02-29,QC,1,1,1,1,30.0,85.0,275.0,330.0
791,2020,2020-02-29,Saskatchewan,1,1,1,1,5.0,10.0,30.0,45.0
792,2020,2020-02-29,Yukon,1,1,1,1,0.0,0.0,0.0,0.0
793,2020,2020-03-07,Alberta,1,1,1,1,15.0,35.0,105.0,100.0
794,2020,2020-03-07,BC,1,1,1,1,10.0,55.0,115.0,165.0
795,2020,2020-03-07,Manitoba,1,1,1,1,5.0,10.0,40.0,45.0
796,2020,2020-03-07,New Brunswick,1,1,1,1,5.0,15.0,40.0,20.0
797,2020,2020-03-07,Newfoundland and Labrador,1,1,1,1,5.0,10.0,30.0,20.0
798,2020,2020-03-07,Northwest Territories,1,1,1,1,0.0,0.0,0.0,0.0
799,2020,2020-03-07,Nova Scotia,1,1,1,1,5.0,10.0,65.0,50.0
800,2020,2020-03-07,Nunavut,1,1,1,1,0.0,0.0,0.0,0.0
801,2020,2020-03-07,ON,1,1,1,1,35.0,140.0,365.0,520.0
802,2020,2020-03-07,Prince Edward Island,1,1,1,1,0.0,0.0,0.0,0.0
803,2020,2020-03-07,QC,1,1,1,1,15.0,75.0,290.0,315.0
804,2020,2020-03-07,Saskatchewan,1,1,1,1,5.0,10.0,35.0,65.0
805,2020,2020-03-07,Yukon,1,1,1,1,0.0,0.0,0.0,0.0
806,2020,2020-03-14,Alberta,1,1,1,1,20.0,35.0,100.0,115.0
807,2020,2020-03-14,BC,1,1,1,1,15.0,35.0,140.0,185.0
808,2020,2020-03-14,Manitoba,1,1,1,1,5.0,15.0,40.0,55.0
809,2020,2020-03-14,New Brunswick,1,1,1,1,5.0,5.0,20.0,35.0
810,2020,2020-03-14,Newfoundland and Labrador,1,1,1,1,5.0,5.0,25.0,15.0
811,2020,2020-03-14,Northwest Territories,1,1,1,1,0.0,0.0,0.0,0.0
812,2020,2020-03-14,Nova Scotia,1,1,1,1,0.0,15.0,45.0,35.0
813,2020,2020-03-14,Nunavut,1,1,1,1,0.0,0.0,0.0,0.0
814,2020,2020-03-14,ON,1,1,1,1,40.0,120.0,400.0,485.0
815,2020,2020-03-14,Prince Edward Island,1,1,1,1,0.0,0.0,0.0,0.0
816,2020,2020-03-14,QC,1,1,1,1,20.0,75.0,305.0,305.0
817,2020,2020-03-14,Saskatchewan,1,1,1,1,5.0,15.0,25.0,35.0
818,2020,2020-03-14,Yukon,1,1,1,1,0.0,0.0,0.0,0.0
819,2020,2020-03-21,Alberta,1,1,1,1,10.0,45.0,95.0,125.0
820,2020,2020-03-21,BC,1,1,1,1,10.0,60.0,165.0,185.0
821,2020,2020-03-21,Manitoba,1,1,1,1,5.0,15.0,45.0,35.0
822,2020,2020-03-21,New Brunswick,1,1,1,1,0.0,10.0,35.0,30.0
823,2020,2020-03-21,Newfoundland and Labrador,1,1,1,1,0.0,0.0,35.0,10.0
824,2020,2020-03-21,Northwest Territories,1,1,1,1,0.0,0.0,0.0,0.0
825,2020,2020-03-21,Nova Scotia,1,1,1,1,0.0,15.0,50.0,45.0
826,2020,2020-03-21,Nunavut,1,1,1,1,0.0,0.0,0.0,0.0
827,2020,2020-03-21,ON,1,1,1,1,35.0,100.0,420.0,510.0
828,2020,2020-03-21,Prince Edward Island,1,1,1,1,0.0,0.0,0.0,0.0
829,2020,2020-03-21,QC,1,1,1,1,15.0,70.0,260.0,350.0
830,2020,2020-03-21,Saskatchewan,1,1,1,1,5.0,15.0,40.0,35.0
831,2020,2020-03-21,Yukon,1,1,1,1,0.0,0.0,0.0,0.0
832,2020,2020-03-28,Alberta,1,1,1,1,15.0,40.0,95.0,115.0
833,2020,2020-03-28,BC,1,1,1,1,5.0,45.0,175.0,195.0
834,2020,2020-03-28,Manitoba,1,1,1,1,5.0,10.0,45.0,45.0
835,2020,2020-03-28,New Brunswick,1,1,1,1,0.0,5.0,30.0,35.0
836,2020,2020-03-28,Newfoundland and Labrador,1,1,1,1,5.0,5.0,15.0,15.0
837,2020,2020-03-28,Northwest Territories,1,1,1,1,0.0,0.0,0.0,0.0
838,2020,2020-03-28,Nova Scotia,1,1,1,1,0.0,10.0,40.0,35.0
839,2020,2020-03-28,Nunavut,1,1,1,1,0.0,0.0,0.0,0.0
840,2020,2020-03-28,ON,1,1,1,1,35.0,105.0,420.0,470.0
841,2020,2020-03-28,Prince Edward Island,1,1,1,1,0.0,0.0,0.0,0.0
842,2020,2020-03-28,QC,1,1,1,1,15.0,65.0,305.0,350.0
843,2020,2020-03-28,Saskatchewan,1,1,1,1,5.0,15.0,35.0,40.0
844,2020,2020-03-28,Yukon,1,1,1,1,0.0,0.0,0.0,0.0
845,2020,2020-04-04,Alberta,1,1,1,1,15.0,35.0,105.0,115.0
846,2020,2020-04-04,BC,1,1,1,1,5.0,45.0,155.0,185.0
847,2020,2020-04-04,Manitoba,1,1,1,1,5.0,20.0,40.0,55.0
848,2020,2020-04-04,New Brunswick,1,1,1,1,5.0,15.0,20.0,35.0
849,2020,2020-04-04,Newfoundland and Labrador,1,1,1,1,0.0,5.0,20.0,20.0
850,2020,2020-04-04,Northwest Territories,1,1,1,1,0.0,0.0,0.0,0.0
851,2020,2020-04-04,Nova Scotia,1,1,1,1,5.0,15.0,40.0,30.0
852,2020,2020-04-04,Nunavut,1,1,1,1,0.0,0.0,0.0,0.0
853,2020,2020-04-04,ON,1,1,1,1,40.0,150.0,445.0,600.0
854,2020,2020-04-04,Prince Edward Island,1,1,1,1,0.0,0.0,0.0,0.0
855,2020,2020-04-04,QC,1,1,1,1,15.0,80.0,275.0,395.0
856,2020,2020-04-04,Saskatchewan,1,1,1,1,5.0,10.0,25.0,45.0
857,2020,2020-04-04,Yukon,1,1,1,1,0.0,0.0,0.0,0.0
858,2020,2020-04-11,Alberta,1,1,1,1,5.0,40.0,100.0,105.0
859,2020,2020-04-11,BC,1,1,1,1,15.0,40.0,150.0,190.0
860,2020,2020-04-11,Manitoba,1,1,1,1,5.0,20.0,35.0,50.0
861,2020,2020-04-11,New Brunswick,1,1,1,1,0.0,5.0,30.0,25.0
862,2020,2020-04-11,Newfoundland and Labrador,1,1,1,1,5.0,10.0,25.0,20.0
863,2020,2020-04-11,Northwest Territories,1,1,1,1,0.0,0.0,0.0,0.0
864,2020,2020-04-11,Nova Scotia,1,1,1,1,0.0,10.0,40.0,40.0
865,2020,2020-04-11,Nunavut,1,1,1,1,0.0,0.0,0.0,0.0
866,2020,2020-04-11,ON,1,1,1,1,45.0,120.0,495.0,585.0
867,2020,2020-04-11,Prince Edward Island,1,1,1,1,0.0,0.0,0.0,0.0
868,2020,2020-04-11,QC,1,1,1,1,25.0,75.0,370.0,475.0
869,2020,2020-04-11,Saskatchewan,1,1,1,1,5.0,15.0,35.0,50.0
870,2020,2020-04-11,Yukon,1,1,1,1,0.0,0.0,0.0,0.0
871,2020,2020-04-18,Alberta,1,1,1,1,15.0,30.0,95.0,110.0
872,2020,2020-04-18,BC,1,1,1,1,15.0,40.0,130.0,170.0
873,2020,2020-04-18,Manitoba,1,1,1,1,5.0,10.0,40.0,65.0
874,2020,2020-04-18,New Brunswick,1,1,1,1,0.0,10.0,25.0,40.0
875,2020,2020-04-18,Newfoundland and Labrador,1,1,1,1,0.0,10.0,25.0,25.0
876,2020,2020-04-18,Northwest Territories,1,1,1,1,0.0,0.0,0.0,0.0
877,2020,2020-04-18,Nova Scotia,1,1,1,1,5.0,10.0,40.0,35.0
878,2020,2020-04-18,Nunavut,1,1,1,1,0.0,0.0,0.0,0.0
879,2020,2020-04-18,ON,1,1,1,1,25.0,115.0,485.0,645.0
880,2020,2020-04-18,Prince Edward Island,1,1,1,1,0.0,0.0,0.0,0.0
881,2020,2020-04-18,QC,1,1,1,1,25.0,85.0,355.0,525.0
882,2020,2020-04-18,Saskatchewan,1,1,1,1,5.0,10.0,40.0,35.0
883,2020,2020-04-18,Yukon,1,1,1,1,0.0,0.0,0.0,0.0
884,2020,2020-04-25,Alberta,1,1,1,1,20.0,35.0,85.0,95.0
885,2020,2020-04-25,BC,1,1,1,1,15.0,35.0,115.0,155.0
886,2020,2020-04-25,Manitoba,1,1,1,1,5.0,15.0,30.0,50.0
887,2020,2020-04-25,New Brunswick,1,1,1,1,0.0,5.0,25.0,40.0
888,2020,2020-04-25,Newfoundland and Labrador,1,1,1,1,0.0,5.0,30.0,10.0
889,2020,2020-04-25,Northwest Territories,1,1,1,1,0.0,0.0,0.0,0.0
890,2020,2020-04-25,Nova Scotia,1,1,1,1,5.0,15.0,50.0,50.0
891,2020,2020-04-25,Nunavut,1,1,1,1,0.0,0.0,0.0,0.0
892,2020,2020-04-25,ON,1,1,1,1,35.0,135.0,490.0,670.0
893,2020,2020-04-25,Prince Edward Island,1,1,1,1,0.0,0.0,0.0,0.0
894,2020,2020-04-25,QC,1,1,1,1,10.0,80.0,370.0,620.0
895,2020,2020-04-25,Saskatchewan,1,1,1,1,10.0,10.0,30.0,40.0
896,2020,2020-04-25,Yukon,1,1,1,1,0.0,0.0,0.0,0.0
897,2020,2020-05-02,Alberta,1,1,1,1,15.0,30.0,105.0,110.0
898,2020,2020-05-02,BC,1,1,1,1,10.0,35.0,115.0,175.0
899,2020,2020-05-02,Manitoba,1,1,1,1,5.0,15.0,50.0,45.0
900,2020,2020-05-02,New Brunswick,1,1,1,1,0.0,10.0,15.0,35.0
901,2020,2020-05-02,Newfoundland and Labrador,1,1,1,1,5.0,5.0,25.0,20.0
902,2020,2020-05-02,Northwest Territories,1,1,1,1,0.0,0.0,0.0,0.0
903,2020,2020-05-02,Nova Scotia,1,1,1,1,0.0,10.0,40.0,45.0
904,2020,2020-05-02,Nunavut,1,1,1,1,0.0,0.0,0.0,0.0
905,2020,2020-05-02,ON,1,1,1,1,30.0,140.0,480.0,660.0
906,2020,2020-05-02,Prince Edward Island,1,1,1,1,0.0,0.0,0.0,0.0
907,2020,2020-05-02,QC,1,1,1,1,25.0,80.0,400.0,615.0
908,2020,2020-05-02,Saskatchewan,1,1,1,1,5.0,10.0,30.0,55.0
909,2020,2020-05-02,Yukon,1,1,1,1,0.0,0.0,0.0,0.0
910,2020,2020-05-09,Alberta,1,1,1,1,20.0,30.0,85.0,80.0
911,2020,2020-05-09,BC,1,1,1,1,5.0,45.0,135.0,150.0
912,2020,2020-05-09,Manitoba,1,1,1,1,5.0,10.0,40.0,45.0
913,2020,2020-05-09,New Brunswick,1,1,1,1,5.0,10.0,25.0,30.0
914,2020,2020-05-09,Newfoundland and Labrador,1,1,1,1,0.0,10.0,25.0,15.0
915,2020,2020-05-09,Northwest Territories,1,1,1,1,0.0,0.0,0.0,0.0
916,2020,2020-05-09,Nova Scotia,1,1,1,1,0.0,10.0,45.0,45.0
917,2020,2020-05-09,Nunavut,1,1,1,1,0.0,0.0,0.0,0.0
918,2020,2020-05-09,ON,1,1,1,1,40.0,130.0,435.0,585.0
919,2020,2020-05-09,Prince Edward Island,1,1,1,1,0.0,0.0,0.0,0.0
920,2020,2020-05-09,QC,1,1,1,1,20.0,85.0,330.0,535.0
921,2020,2020-05-09,Saskatchewan,1,1,1,1,5.0,10.0,30.0,35.0
922,2020,2020-05-09,Yukon,1,1,1,1,0.0,0.0,0.0,0.0
923,2020,2020-05-16,Alberta,1,1,1,1,10.0,40.0,100.0,100.0
924,2020,2020-05-16,BC,1,1,1,1,15.0,45.0,125.0,150.0
925,2020,2020-05-16,Manitoba,1,1,1,1,5.0,10.0,45.0,50.0
926,2020,2020-05-16,New Brunswick,1,1,1,1,0.0,5.0,30.0,20.0
927,2020,2020-05-16,Newfoundland and Labrador,1,1,1,1,5.0,5.0,25.0,30.0
928,2020,2020-05-16,Northwest Territories,1,1,1,1,0.0,0.0,0.0,0.0
929,2020,2020-05-16,Nova Scotia,1,1,1,1,5.0,10.0,45.0,25.0
930,2020,2020-05-16,Nunavut,1,1,1,1,0.0,0.0,0.0,0.0
931,2020,2020-05-16,ON,1,1,1,1,30.0,130.0,420.0,550.0
932,2020,2020-05-16,Prince Edward Island,1,1,1,1,0.0,0.0,0.0,0.0
933,2020,2020-05-16,QC,1,1,1,1,10.0,50.0,345.0,480.0
934,2020,2020-05-16,Saskatchewan,1,1,1,1,5.0,5.0,25.0,30.0
935,2020,2020-05-16,Yukon,1,1,1,1,0.0,0.0,0.0,0.0
936,2020,2020-05-23,Alberta,1,1,1,1,20.0,35.0,80.0,95.0
937,2020,2020-05-23,BC,1,1,1,1,20.0,40.0,125.0,150.0
938,2020,2020-05-23,Manitoba,1,1,1,1,5.0,10.0,40.0,30.0
939,2020,2020-05-23,New Brunswick,1,1,1,1,0.0,10.0,30.0,25.0
940,2020,2020-05-23,Newfoundland and Labrador,1,1,1,1,5.0,10.0,15.0,30.0
941,2020,2020-05-23,Northwest Territories,1,1,1,1,0.0,0.0,0.0,0.0
942,2020,2020-05-23,Nova Scotia,1,1,1,1,0.0,5.0,35.0,40.0
943,2020,2020-05-23,Nunavut,1,1,1,1,0.0,0.0,0.0,0.0
944,2020,2020-05-23,ON,1,1,1,1,40.0,135.0,380.0,495.0
945,2020,2020-05-23,Prince Edward Island,1,1,1,1,0.0,0.0,0.0,0.0
946,2020,2020-05-23,QC,1,1,1,1,10.0,75.0,305.0,420.0
947,2020,2020-05-23,Saskatchewan,1,1,1,1,5.0,10.0,35.0,30.0
948,2020,2020-05-23,Yukon,1,1,1,1,0.0,0.0,0.0,0.0
949,2020,2020-05-30,Alberta,1,1,1,1,25.0,25.0,90.0,90.0
950,2020,2020-05-30,BC,1,1,1,1,15.0,40.0,120.0,150.0
951,2020,2020-05-30,Manitoba,1,1,1,1,5.0,20.0,30.0,40.0
952,2020,2020-05-30,New Brunswick,1,1,1,1,0.0,10.0,35.0,20.0
953,2020,2020-05-30,Newfoundland and Labrador,1,1,1,1,0.0,5.0,20.0,25.0
954,2020,2020-05-30,Northwest Territories,1,1,1,1,0.0,0.0,0.0,0.0
955,2020,2020-05-30,Nova Scotia,1,1,1,1,5.0,15.0,30.0,30.0
956,2020,2020-05-30,Nunavut,1,1,1,1,0.0,0.0,0.0,0.0
957,2020,2020-05-30,ON,1,1,1,1,40.0,115.0,370.0,485.0
958,2020,2020-05-30,Prince Edward Island,1,1,1,1,0.0,0.0,0.0,0.0
959,2020,2020-05-30,QC,1,1,1,1,20.0,85.0,315.0,445.0
960,2020,2020-05-30,Saskatchewan,1,1,1,1,5.0,10.0,30.0,40.0
961,2020,2020-05-30,Yukon,1,1,1,1,0.0,0.0,0.0,0.0
962,2020,2020-06-06,Alberta,1,1,1,1,20.0,40.0,90.0,85.0
963,2020,2020-06-06,BC,1,1,1,1,25.0,25.0,125.0,130.0
964,2020,2020-06-06,Manitoba,1,1,1,1,10.0,5.0,40.0,45.0
965,2020,2020-06-06,New Brunswick,1,1,1,1,0.0,10.0,30.0,35.0
966,2020,2020-06-06,Newfoundland and Labrador,1,1,1,1,0.0,5.0,20.0,20.0
967,2020,2020-06-06,Northwest Territories,1,1,1,1,0.0,0.0,0.0,0.0
968,2020,2020-06-06,Nova Scotia,1,1,1,1,0.0,10.0,20.0,30.0
969,2020,2020-06-06,Nunavut,1,1,1,1,0.0,0.0,0.0,0.0
970,2020,2020-06-06,ON,1,1,1,1,45.0,115.0,420.0,465.0
971,2020,2020-06-06,Prince Edward Island,1,1,1,1,0.0,0.0,0.0,0.0
972,2020,2020-06-06,QC,1,1,1,1,10.0,80.0,290.0,340.0
973,2020,2020-06-06,Saskatchewan,1,1,1,1,10.0,10.0,25.0,40.0
974,2020,2020-06-06,Yukon,1,1,1,1,0.0,0.0,0.0,0.0
975,2020,2020-06-13,Alberta,1,1,1,1,25.0,35.0,85.0,80.0
976,2020,2020-06-13,BC,1,1,1,1,10.0,40.0,125.0,135.0
977,2020,2020-06-13,Manitoba,1,1,1,1,5.0,10.0,35.0,30.0
978,2020,2020-06-13,New Brunswick,1,1,1,1,0.0,10.0,25.0,20.0
979,2020,2020-06-13,Newfoundland and Labrador,1,1,1,1,5.0,10.0,10.0,20.0
980,2020,2020-06-13,Northwest Territories,1,1,1,1,0.0,0.0,0.0,0.0
981,2020,2020-06-13,Nova Scotia,1,1,1,1,5.0,10.0,40.0,40.0
982,2020,2020-06-13,Nunavut,1,1,1,1,0.0,0.0,0.0,0.0
983,2020,2020-06-13,ON,1,1,1,1,35.0,130.0,350.0,400.0
984,2020,2020-06-13,Prince Edward Island,1,1,1,1,0.0,0.0,0.0,0.0
985,2020,2020-06-13,QC,1,1,1,1,10.0,70.0,240.0,285.0
986,2020,2020-06-13,Saskatchewan,1,1,1,1,5.0,0.0,25.0,30.0
987,2020,2020-06-13,Yukon,1,1,1,1,0.0,0.0,0.0,0.0
988,2020,2020-06-20,Alberta,1,1,1,1,15.0,35.0,85.0,90.0
989,2020,2020-06-20,BC,1,1,1,1,15.0,35.0,130.0,165.0
990,2020,2020-06-20,Manitoba,1,1,1,1,5.0,10.0,40.0,40.0
991,2020,2020-06-20,New Brunswick,1,1,1,1,5.0,10.0,40.0,25.0
992,2020,2020-06-20,Newfoundland and Labrador,1,1,1,1,0.0,10.0,30.0,10.0
993,2020,2020-06-20,Northwest Territories,1,1,1,1,0.0,0.0,0.0,0.0
994,2020,2020-06-20,Nova Scotia,1,1,1,1,5.0,15.0,40.0,35.0
995,2020,2020-06-20,Nunavut,1,1,1,1,0.0,0.0,0.0,0.0
996,2020,2020-06-20,ON,1,1,1,1,35.0,135.0,395.0,425.0
997,2020,2020-06-20,Prince Edward Island,1,1,1,1,0.0,0.0,0.0,0.0
998,2020,2020-06-20,QC,1,1,1,1,15.0,70.0,250.0,280.0
999,2020,2020-06-20,Saskatchewan,1,1,1,1,5.0,15.0,35.0,45.0
1000,2020,2020-06-20,Yukon,1,1,1,1,0.0,0.0,0.0,0.0
1001,2020,2020-06-27,Alberta,1,1,1,1,20.0,35.0,95.0,90.0
1002,2020,2020-06-27,BC,1,1,1,1,15.0,45.0,115.0,155.0
1003,2020,2020-06-27,Manitoba,1,1,1,1,5.0,10.0,40.0,40.0
1004,2020,2020-06-27,New Brunswick,1,1,1,1,5.0,5.0,30.0,25.0
1005,2020,2020-06-27,Newfoundland and Labrador,1,1,1,1,5.0,5.0,20.0,10.0
1006,2020,2020-06-27,Northwest Territories,1,1,1,1,0.0,0.0,0.0,0.0
1007,2020,2020-06-27,Nova Scotia,1,1,1,1,5.0,15.0,35.0,40.0
1008,2020,2020-06-27,Nunavut,1,1,1,1,0.0,0.0,0.0,0.0
1009,2020,2020-06-27,ON,1,1,1,1,40.0,120.0,360.0,400.0
1010,2020,2020-06-27,Prince Edward Island,1,1,1,1,0.0,0.0,0.0,0.0
1011,2020,2020-06-27,QC,1,1,1,1,10.0,65.0,245.0,265.0
1012,2020,2020-06-27,Saskatchewan,1,1,1,1,5.0,10.0,30.0,50.0
1013,2020,2020-06-27,Yukon,1,1,1,1,0.0,0.0,0.0,0.0
1014,2020,2020-07-04,Alberta,1,1,1,1,20.0,45.0,75.0,90.0
1015,2020,2020-07-04,BC,1,1,1,1,15.0,45.0,115.0,130.0
1016,2020,2020-07-04,Manitoba,1,1,1,1,5.0,10.0,35.0,45.0
1017,2020,2020-07-04,New Brunswick,1,1,1,1,0.0,5.0,25.0,25.0
1018,2020,2020-07-04,Newfoundland and Labrador,1,1,1,1,0.0,10.0,25.0,20.0
1019,2020,2020-07-04,Northwest Territories,1,1,1,1,0.0,0.0,0.0,0.0
1020,2020,2020-07-04,Nova Scotia,1,1,1,1,0.0,10.0,30.0,20.0
1021,2020,2020-07-04,Nunavut,1,1,1,1,0.0,0.0,0.0,0.0
1022,2020,2020-07-04,ON,1,1,1,1,50.0,125.0,365.0,445.0
1023,2020,2020-07-04,Prince Edward Island,1,1,1,1,0.0,0.0,0.0,0.0
1024,2020,2020-07-04,QC,1,1,1,1,20.0,60.0,220.0,220.0
1025,2020,2020-07-04,Saskatchewan,1,1,1,1,5.0,10.0,30.0,30.0
1026,2020,2020-07-04,Yukon,1,1,1,1,0.0,0.0,0.0,0.0
1027,2020,2020-07-11,Alberta,1,1,1,1,20.0,35.0,95.0,95.0
1028,2020,2020-07-11,BC,1,1,1,1,20.0,40.0,135.0,145.0
1029,2020,2020-07-11,Manitoba,1,1,1,1,10.0,15.0,45.0,30.0
1030,2020,2020-07-11,New Brunswick,1,1,1,1,0.0,10.0,20.0,40.0
1031,2020,2020-07-11,Newfoundland and Labrador,1,1,1,1,0.0,10.0,15.0,5.0
1032,2020,2020-07-11,Northwest Territories,1,1,1,1,0.0,0.0,0.0,0.0
1033,2020,2020-07-11,Nova Scotia,1,1,1,1,0.0,15.0,35.0,40.0
1034,2020,2020-07-11,Nunavut,1,1,1,1,0.0,0.0,0.0,0.0
1035,2020,2020-07-11,ON,1,1,1,1,35.0,110.0,390.0,385.0
1036,2020,2020-07-11,Prince Edward Island,1,1,1,1,0.0,0.0,0.0,0.0
1037,2020,2020-07-11,QC,1,1,1,1,20.0,65.0,270.0,265.0
1038,2020,2020-07-11,Saskatchewan,1,1,1,1,5.0,5.0,25.0,45.0
1039,2020,2020-07-11,Yukon,1,1,1,1,0.0,0.0,0.0,0.0
1040,2020,2020-07-18,Alberta,1,1,1,1,30.0,35.0,70.0,95.0
1041,2020,2020-07-18,BC,1,1,1,1,15.0,40.0,120.0,115.0
1042,2020,2020-07-18,Manitoba,1,1,1,1,10.0,20.0,30.0,45.0
1043,2020,2020-07-18,New Brunswick,1,1,1,1,0.0,5.0,30.0,20.0
1044,2020,2020-07-18,Newfoundland and Labrador,1,1,1,1,5.0,10.0,20.0,20.0
1045,2020,2020-07-18,Northwest Territories,1,1,1,1,0.0,0.0,0.0,0.0
1046,2020,2020-07-18,Nova Scotia,1,1,1,1,0.0,10.0,35.0,30.0
1047,2020,2020-07-18,Nunavut,1,1,1,1,0.0,0.0,0.0,0.0
1048,2020,2020-07-18,ON,1,1,1,1,45.0,105.0,325.0,410.0
1049,2020,2020-07-18,Prince Edward Island,1,1,1,1,0.0,0.0,0.0,0.0
1050,2020,2020-07-18,QC,1,1,1,1,15.0,80.0,245.0,245.0
1051,2020,2020-07-18,Saskatchewan,1,1,1,1,5.0,20.0,30.0,50.0
1052,2020,2020-07-18,Yukon,1,1,1,1,0.0,0.0,0.0,0.0
1053,2020,2020-07-25,Alberta,1,1,1,1,15.0,30.0,95.0,100.0
1054,2020,2020-07-25,BC,1,1,1,1,10.0,50.0,150.0,160.0
1055,2020,2020-07-25,Manitoba,1,1,1,1,10.0,15.0,25.0,30.0
1056,2020,2020-07-25,New Brunswick,1,1,1,1,0.0,5.0,30.0,20.0
1057,2020,2020-07-25,Newfoundland and Labrador,1,1,1,1,0.0,5.0,35.0,15.0
1058,2020,2020-07-25,Northwest Territories,1,1,1,1,0.0,0.0,0.0,0.0
1059,2020,2020-07-25,Nova Scotia,1,1,1,1,5.0,10.0,30.0,25.0
1060,2020,2020-07-25,Nunavut,1,1,1,1,0.0,0.0,0.0,0.0
1061,2020,2020-07-25,ON,1,1,1,1,55.0,120.0,385.0,430.0
1062,2020,2020-07-25,Prince Edward Island,1,1,1,1,0.0,0.0,0.0,0.0
1063,2020,2020-07-25,QC,1,1,1,1,15.0,65.0,230.0,240.0
1064,2020,2020-07-25,Saskatchewan,1,1,1,1,10.0,10.0,25.0,35.0
1065,2020,2020-07-25,Yukon,1,1,1,1,0.0,0.0,0.0,0.0
1066,2020,2020-08-01,Alberta,1,1,1,1,10.0,40.0,75.0,115.0
1067,2020,2020-08-01,BC,1,1,1,1,15.0,45.0,135.0,145.0
1068,2020,2020-08-01,Manitoba,1,1,1,1,5.0,15.0,35.0,55.0
1069,2020,2020-08-01,New Brunswick,1,1,1,1,5.0,10.0,30.0,30.0
1070,2020,2020-08-01,Newfoundland and Labrador,1,1,1,1,0.0,10.0,15.0,10.0
1071,2020,2020-08-01,Northwest Territories,1,1,1,1,0.0,0.0,0.0,0.0
1072,2020,2020-08-01,Nova Scotia,1,1,1,1,0.0,10.0,35.0,35.0
1073,2020,2020-08-01,Nunavut,1,1,1,1,0.0,0.0,0.0,0.0
1074,2020,2020-08-01,ON,1,1,1,1,35.0,115.0,365.0,425.0
1075,2020,2020-08-01,Prince Edward Island,1,1,1,1,0.0,0.0,0.0,0.0
1076,2020,2020-08-01,QC,1,1,1,1,10.0,50.0,245.0,230.0
1077,2020,2020-08-01,Saskatchewan,1,1,1,1,5.0,15.0,35.0,35.0
1078,2020,2020-08-01,Yukon,1,1,1,1,0.0,0.0,0.0,0.0
1079,2020,2020-08-08,Alberta,1,1,1,1,15.0,35.0,85.0,80.0
1080,2020,2020-08-08,BC,1,1,1,1,15.0,35.0,135.0,180.0
1081,2020,2020-08-08,Manitoba,1,1,1,1,5.0,20.0,30.0,45.0
1082,2020,2020-08-08,New Brunswick,1,1,1,1,0.0,10.0,25.0,25.0
1083,2020,2020-08-08,Newfoundland and Labrador,1,1,1,1,0.0,5.0,15.0,15.0
1084,2020,2020-08-08,Northwest Territories,1,1,1,1,0.0,0.0,0.0,0.0
1085,2020,2020-08-08,Nova Scotia,1,1,1,1,0.0,15.0,40.0,40.0
1086,2020,2020-08-08,Nunavut,1,1,1,1,0.0,0.0,0.0,0.0
1087,2020,2020-08-08,ON,1,1,1,1,30.0,115.0,335.0,400.0
1088,2020,2020-08-08,Prince Edward Island,1,1,1,1,0.0,0.0,0.0,0.0
1089,2020,2020-08-08,QC,1,1,1,1,20.0,80.0,260.0,280.0
1090,2020,2020-08-08,Saskatchewan,1,1,1,1,10.0,15.0,40.0,40.0
1091,2020,2020-08-08,Yukon,1,1,1,1,0.0,0.0,0.0,0.0
1092,2020,2020-08-15,Alberta,1,1,1,1,15.0,45.0,80.0,80.0
1093,2020,2020-08-15,BC,1,1,1,1,5.0,40.0,125.0,145.0
1094,2020,2020-08-15,Manitoba,1,1,1,1,5.0,10.0,55.0,45.0
1095,2020,2020-08-15,New Brunswick,1,1,1,1,5.0,5.0,35.0,25.0
1096,2020,2020-08-15,Newfoundland and Labrador,1,1,1,1,0.0,5.0,10.0,15.0
1097,2020,2020-08-15,Northwest Territories,1,1,1,1,0.0,0.0,0.0,0.0
1098,2020,2020-08-15,Nova Scotia,1,1,1,1,5.0,10.0,35.0,35.0
1099,2020,2020-08-15,Nunavut,1,1,1,1,0.0,0.0,0.0,0.0
1100,2020,2020-08-15,ON,1,1,1,1,40.0,115.0,410.0,415.0
1101,2020,2020-08-15,Prince Edward Island,1,1,1,1,0.0,0.0,0.0,0.0
1102,2020,2020-08-15,QC,1,1,1,1,15.0,60.0,255.0,285.0
1103,2020,2020-08-15,Saskatchewan,1,1,1,1,5.0,10.0,25.0,45.0
1104,2020,2020-08-15,Yukon,1,1,1,1,0.0,0.0,0.0,0.0
1105,2020,2020-08-22,Alberta,1,1,1,1,20.0,45.0,100.0,110.0
1106,2020,2020-08-22,BC,1,1,1,1,15.0,25.0,145.0,180.0
1107,2020,2020-08-22,Manitoba,1,1,1,1,10.0,15.0,35.0,35.0
1108,2020,2020-08-22,New Brunswick,1,1,1,1,5.0,10.0,30.0,30.0
1109,2020,2020-08-22,Newfoundland and Labrador,1,1,1,1,0.0,0.0,25.0,15.0
1110,2020,2020-08-22,Northwest Territories,1,1,1,1,0.0,0.0,0.0,0.0
1111,2020,2020-08-22,Nova Scotia,1,1,1,1,0.0,10.0,45.0,40.0
1112,2020,2020-08-22,Nunavut,1,1,1,1,0.0,0.0,0.0,0.0
1113,2020,2020-08-22,ON,1,1,1,1,40.0,120.0,395.0,435.0
1114,2020,2020-08-22,Prince Edward Island,1,1,1,1,0.0,0.0,0.0,0.0
1115,2020,2020-08-22,QC,1,1,1,1,15.0,65.0,235.0,240.0
1116,2020,2020-08-22,Saskatchewan,1,1,1,1,10.0,10.0,30.0,30.0
1117,2020,2020-08-22,Yukon,1,1,1,1,0.0,0.0,0.0,0.0
1118,2020,2020-08-29,Alberta,1,1,1,1,10.0,35.0,90.0,90.0
1119,2020,2020-08-29,BC,1,1,1,1,10.0,35.0,135.0,165.0
1120,2020,2020-08-29,Manitoba,1,1,1,1,10.0,10.0,30.0,50.0
1121,2020,2020-08-29,New Brunswick,1,1,1,1,0.0,15.0,30.0,35.0
1122,2020,2020-08-29,Newfoundland and Labrador,1,1,1,1,0.0,5.0,20.0,10.0
1123,2020,2020-08-29,Northwest Territories,1,1,1,1,0.0,0.0,0.0,0.0
1124,2020,2020-08-29,Nova Scotia,1,1,1,1,5.0,10.0,30.0,40.0
1125,2020,2020-08-29,Nunavut,1,1,1,1,0.0,0.0,0.0,0.0
1126,2020,2020-08-29,ON,1,1,1,1,35.0,100.0,370.0,425.0
1127,2020,2020-08-29,Prince Edward Island,1,1,1,1,0.0,0.0,0.0,0.0
1128,2020,2020-08-29,QC,1,1,1,1,10.0,80.0,255.0,285.0
1129,2020,2020-08-29,Saskatchewan,1,1,1,1,5.0,10.0,35.0,40.0
1130,2020,2020-08-29,Yukon,1,1,1,1,0.0,0.0,0.0,0.0
1131,2020,2020-09-05,Alberta,1,1,1,1,20.0,45.0,95.0,85.0
1132,2020,2020-09-05,BC,1,1,1,1,15.0,45.0,115.0,140.0
1133,2020,2020-09-05,Manitoba,1,1,1,1,10.0,15.0,25.0,45.0
1134,2020,2020-09-05,New Brunswick,1,1,1,1,5.0,10.0,15.0,25.0
1135,2020,2020-09-05,Newfoundland and Labrador,1,1,1,1,0.0,5.0,30.0,20.0
1136,2020,2020-09-05,Northwest Territories,1,1,1,1,0.0,0.0,0.0,0.0
1137,2020,2020-09-05,Nova Scotia,1,1,1,1,5.0,15.0,35.0,40.0
1138,2020,2020-09-05,Nunavut,1,1,1,1,0.0,0.0,0.0,0.0
1139,2020,2020-09-05,ON,1,1,1,1,50.0,115.0,395.0,455.0
1140,2020,2020-09-05,Prince Edward Island,1,1,1,1,0.0,0.0,0.0,0.0
1141,2020,2020-09-05,QC,1,1,1,1,20.0,55.0,225.0,255.0
1142,2020,2020-09-05,Saskatchewan,1,1,1,1,5.0,15.0,25.0,30.0
1143,2020,2020-09-05,Yukon,1,1,1,1,0.0,0.0,0.0,0.0
1144,2020,2020-09-12,Alberta,1,1,1,1,15.0,30.0,100.0,90.0
1145,2020,2020-09-12,BC,1,1,1,1,15.0,35.0,130.0,160.0
1146,2020,2020-09-12,Manitoba,1,1,1,1,5.0,15.0,45.0,45.0
1147,2020,2020-09-12,New Brunswick,1,1,1,1,5.0,10.0,30.0,25.0
1148,2020,2020-09-12,Newfoundland and Labrador,1,1,1,1,0.0,5.0,25.0,15.0
1149,2020,2020-09-12,Northwest Territories,1,1,1,1,0.0,0.0,0.0,0.0
1150,2020,2020-09-12,Nova Scotia,1,1,1,1,5.0,10.0,40.0,40.0
1151,2020,2020-09-12,Nunavut,1,1,1,1,0.0,0.0,0.0,0.0
1152,2020,2020-09-12,ON,1,1,1,1,35.0,120.0,380.0,420.0
1153,2020,2020-09-12,Prince Edward Island,1,1,1,1,0.0,0.0,0.0,0.0
1154,2020,2020-09-12,QC,1,1,1,1,15.0,75.0,235.0,250.0
1155,2020,2020-09-12,Saskatchewan,1,1,1,1,5.0,10.0,40.0,45.0
1156,2020,2020-09-12,Yukon,1,1,1,1,0.0,0.0,0.0,0.0
1157,2020,2020-09-19,Alberta,1,1,1,1,20.0,35.0,105.0,120.0
1158,2020,2020-09-19,BC,1,1,1,1,15.0,40.0,150.0,150.0
1159,2020,2020-09-19,Manitoba,1,1,1,1,10.0,15.0,40.0,40.0
1160,2020,2020-09-19,New Brunswick,1,1,1,1,0.0,10.0,35.0,25.0
1161,2020,2020-09-19,Newfoundland and Labrador,1,1,1,1,0.0,15.0,20.0,15.0
1162,2020,2020-09-19,Northwest Territories,1,1,1,1,0.0,0.0,0.0,0.0
1163,2020,2020-09-19,Nova Scotia,1,1,1,1,0.0,10.0,40.0,35.0
1164,2020,2020-09-19,Nunavut,1,1,1,1,0.0,0.0,0.0,0.0
1165,2020,2020-09-19,ON,1,1,1,1,40.0,120.0,370.0,445.0
1166,2020,2020-09-19,Prince Edward Island,1,1,1,1,0.0,0.0,0.0,0.0
1167,2020,2020-09-19,QC,1,1,1,1,25.0,65.0,260.0,290.0
1168,2020,2020-09-19,Saskatchewan,1,1,1,1,5.0,10.0,35.0,35.0
1169,2020,2020-09-19,Yukon,1,1,1,1,0.0,0.0,0.0,0.0
1170,2020,2020-09-26,Alberta,1,1,1,1,25.0,35.0,95.0,80.0
1171,2020,2020-09-26,BC,1,1,1,1,15.0,45.0,165.0,160.0
1172,2020,2020-09-26,Manitoba,1,1,1,1,10.0,25.0,30.0,45.0
1173,2020,2020-09-26,New Brunswick,1,1,1,1,0.0,5.0,30.0,25.0
1174,2020,2020-09-26,Newfoundland and Labrador,1,1,1,1,5.0,5.0,25.0,15.0
1175,2020,2020-09-26,Northwest Territories,1,1,1,1,0.0,0.0,0.0,0.0
1176,2020,2020-09-26,Nova Scotia,1,1,1,1,5.0,10.0,45.0,35.0
1177,2020,2020-09-26,Nunavut,1,1,1,1,0.0,0.0,0.0,0.0
1178,2020,2020-09-26,ON,1,1,1,1,45.0,110.0,425.0,460.0
1179,2020,2020-09-26,Prince Edward Island,1,1,1,1,0.0,0.0,0.0,0.0
1180,2020,2020-09-26,QC,1,1,1,1,10.0,65.0,260.0,295.0
1181,2020,2020-09-26,Saskatchewan,1,1,1,1,5.0,20.0,25.0,55.0
1182,2020,2020-09-26,Yukon,1,1,1,1,0.0,0.0,0.0,0.0
1183,2020,2020-10-03,Alberta,1,1,1,1,20.0,45.0,105.0,105.0
1184,2020,2020-10-03,BC,1,1,1,1,15.0,50.0,145.0,120.0
1185,2020,2020-10-03,Manitoba,1,1,1,1,5.0,5.0,35.0,45.0
1186,2020,2020-10-03,New Brunswick,1,1,1,1,0.0,10.0,25.0,30.0
1187,2020,2020-10-03,Newfoundland and Labrador,1,1,1,1,5.0,5.0,20.0,20.0
1188,2020,2020-10-03,Northwest Territories,1,1,1,1,0.0,0.0,0.0,0.0
1189,2020,2020-10-03,Nova Scotia,1,1,1,1,0.0,10.0,40.0,40.0
1190,2020,2020-10-03,Nunavut,1,1,1,1,0.0,0.0,0.0,0.0
1191,2020,2020-10-03,ON,1,1,1,1,40.0,150.0,400.0,480.0
1192,2020,2020-10-03,Prince Edward Island,1,1,1,1,0.0,0.0,0.0,0.0
1193,2020,2020-10-03,QC,1,1,1,1,20.0,80.0,265.0,285.0
1194,2020,2020-10-03,Saskatchewan,1,1,1,1,0.0,15.0,40.0,40.0
1195,2020,2020-10-03,Yukon,1,1,1,1,0.0,0.0,0.0,0.0
1196,2020,2020-10-10,Alberta,1,1,1,1,20.0,45.0,115.0,95.0
1197,2020,2020-10-10,BC,1,1,1,1,15.0,40.0,140.0,160.0
1198,2020,2020-10-10,Manitoba,1,1,1,1,10.0,15.0,40.0,55.0
1199,2020,2020-10-10,New Brunswick,1,1,1,1,0.0,5.0,35.0,30.0
1200,2020,2020-10-10,Newfoundland and Labrador,1,1,1,1,0.0,10.0,25.0,15.0
1201,2020,2020-10-10,Northwest Territories,1,1,1,1,0.0,0.0,0.0,0.0
1202,2020,2020-10-10,Nova Scotia,1,1,1,1,0.0,10.0,35.0,45.0
1203,2020,2020-10-10,Nunavut,1,1,1,1,0.0,0.0,0.0,0.0
1204,2020,2020-10-10,ON,1,1,1,1,30.0,130.0,405.0,470.0
1205,2020,2020-10-10,Prince Edward Island,1,1,1,1,0.0,0.0,0.0,0.0
1206,2020,2020-10-10,QC,1,1,1,1,20.0,85.0,275.0,340.0
1207,2020,2020-10-10,Saskatchewan,1,1,1,1,5.0,15.0,25.0,45.0
1208,2020,2020-10-10,Yukon,1,1,1,1,0.0,0.0,0.0,0.0
1209,2020,2020-10-17,Alberta,1,1,1,1,15.0,40.0,80.0,95.0
1210,2020,2020-10-17,BC,1,1,1,1,5.0,50.0,115.0,145.0
1211,2020,2020-10-17,Manitoba,1,1,1,1,5.0,15.0,35.0,50.0
1212,2020,2020-10-17,New Brunswick,1,1,1,1,0.0,10.0,40.0,30.0
1213,2020,2020-10-17,Newfoundland and Labrador,1,1,1,1,0.0,10.0,25.0,15.0
1214,2020,2020-10-17,Northwest Territories,1,1,1,1,0.0,0.0,0.0,0.0
1215,2020,2020-10-17,Nova Scotia,1,1,1,1,5.0,10.0,45.0,25.0
1216,2020,2020-10-17,Nunavut,1,1,1,1,0.0,0.0,0.0,0.0
1217,2020,2020-10-17,ON,1,1,1,1,40.0,130.0,435.0,460.0
1218,2020,2020-10-17,Prince Edward Island,1,1,1,1,0.0,0.0,0.0,0.0
1219,2020,2020-10-17,QC,1,1,1,1,15.0,55.0,285.0,300.0
1220,2020,2020-10-17,Saskatchewan,1,1,1,1,5.0,5.0,40.0,55.0
1221,2020,2020-10-17,Yukon,1,1,1,1,0.0,0.0,0.0,0.0
1222,2020,2020-10-24,Alberta,1,1,1,1,15.0,35.0,100.0,95.0
1223,2020,2020-10-24,BC,1,1,1,1,20.0,40.0,145.0,165.0
1224,2020,2020-10-24,Manitoba,1,1,1,1,15.0,15.0,45.0,40.0
1225,2020,2020-10-24,New Brunswick,1,1,1,1,0.0,15.0,25.0,35.0
1226,2020,2020-10-24,Newfoundland and Labrador,1,1,1,1,0.0,5.0,20.0,20.0
1227,2020,2020-10-24,Northwest Territories,1,1,1,1,0.0,0.0,0.0,0.0
1228,2020,2020-10-24,Nova Scotia,1,1,1,1,0.0,10.0,40.0,45.0
1229,2020,2020-10-24,Nunavut,1,1,1,1,0.0,0.0,0.0,0.0
1230,2020,2020-10-24,ON,1,1,1,1,45.0,125.0,385.0,530.0
1231,2020,2020-10-24,Prince Edward Island,1,1,1,1,0.0,0.0,0.0,0.0
1232,2020,2020-10-24,QC,1,1,1,1,15.0,80.0,235.0,325.0
1233,2020,2020-10-24,Saskatchewan,1,1,1,1,5.0,10.0,40.0,55.0
1234,2020,2020-10-24,Yukon,1,1,1,1,0.0,0.0,0.0,0.0
1235,2020,2020-10-31,Alberta,1,1,1,1,10.0,35.0,105.0,130.0
1236,2020,2020-10-31,BC,1,1,1,1,15.0,40.0,120.0,160.0
1237,2020,2020-10-31,Manitoba,1,1,1,1,10.0,15.0,50.0,60.0
1238,2020,2020-10-31,New Brunswick,1,1,1,1,5.0,10.0,40.0,30.0
1239,2020,2020-10-31,Newfoundland and Labrador,1,1,1,1,5.0,5.0,20.0,20.0
1240,2020,2020-10-31,Northwest Territories,1,1,1,1,0.0,0.0,0.0,0.0
1241,2020,2020-10-31,Nova Scotia,1,1,1,1,5.0,5.0,35.0,40.0
1242,2020,2020-10-31,Nunavut,1,1,1,1,0.0,0.0,0.0,0.0
1243,2020,2020-10-31,ON,1,1,1,1,30.0,100.0,410.0,515.0
1244,2020,2020-10-31,Prince Edward Island,1,1,1,1,0.0,0.0,0.0,0.0
1245,2020,2020-10-31,QC,1,1,1,1,20.0,70.0,275.0,310.0
1246,2020,2020-10-31,Saskatchewan,1,1,1,1,5.0,10.0,40.0,45.0
1247,2020,2020-10-31,Yukon,1,1,1,1,0.0,0.0,0.0,0.0
1248,2020,2020-11-07,Alberta,1,1,1,1,15.0,40.0,100.0,135.0
1249,2020,2020-11-07,BC,1,1,1,1,20.0,50.0,160.0,160.0
1250,2020,2020-11-07,Manitoba,1,1,1,1,5.0,15.0,55.0,60.0
1251,2020,2020-11-07,New Brunswick,1,1,1,1,5.0,10.0,30.0,35.0
1252,2020,2020-11-07,Newfoundland and Labrador,1,1,1,1,5.0,5.0,20.0,20.0
1253,2020,2020-11-07,Northwest Territories,1,1,1,1,0.0,0.0,0.0,0.0
1254,2020,2020-11-07,Nova Scotia,1,1,1,1,0.0,10.0,50.0,50.0
1255,2020,2020-11-07,Nunavut,1,1,1,1,0.0,0.0,0.0,0.0
1256,2020,2020-11-07,ON,1,1,1,1,55.0,125.0,405.0,560.0
1257,2020,2020-11-07,Prince Edward Island,1,1,1,1,0.0,0.0,0.0,0.0
1258,2020,2020-11-07,QC,1,1,1,1,10.0,75.0,270.0,350.0
1259,2020,2020-11-07,Saskatchewan,1,1,1,1,10.0,5.0,30.0,50.0
1260,2020,2020-11-07,Yukon,1,1,1,1,0.0,0.0,0.0,0.0
1261,2020,2020-11-14,Alberta,1,1,1,1,15.0,40.0,90.0,120.0
1262,2020,2020-11-14,BC,1,1,1,1,20.0,40.0,140.0,170.0
1263,2020,2020-11-14,Manitoba,1,1,1,1,10.0,15.0,55.0,60.0
1264,2020,2020-11-14,New Brunswick,1,1,1,1,5.0,10.0,35.0,30.0
1265,2020,2020-11-14,Newfoundland and Labrador,1,1,1,1,5.0,0.0,20.0,10.0
1266,2020,2020-11-14,Northwest Territories,1,1,1,1,0.0,0.0,0.0,0.0
1267,2020,2020-11-14,Nova Scotia,1,1,1,1,0.0,15.0,45.0,45.0
1268,2020,2020-11-14,Nunavut,1,1,1,1,0.0,0.0,0.0,0.0
1269,2020,2020-11-14,ON,1,1,1,1,40.0,120.0,455.0,515.0
1270,2020,2020-11-14,Prince Edward Island,1,1,1,1,0.0,0.0,0.0,0.0
1271,2020,2020-11-14,QC,1,1,1,1,20.0,75.0,295.0,355.0
1272,2020,2020-11-14,Saskatchewan,1,1,1,1,10.0,10.0,30.0,50.0
1273,2020,2020-11-14,Yukon,1,1,1,1,0.0,0.0,0.0,0.0
1274,2020,2020-11-21,Alberta,1,1,1,1,10.0,45.0,95.0,125.0
1275,2020,2020-11-21,BC,1,1,1,1,5.0,45.0,135.0,195.0
1276,2020,2020-11-21,Manitoba,1,1,1,1,5.0,20.0,40.0,55.0
1277,2020,2020-11-21,New Brunswick,1,1,1,1,5.0,10.0,35.0,25.0
1278,2020,2020-11-21,Newfoundland and Labrador,1,1,1,1,0.0,10.0,25.0,20.0
1279,2020,2020-11-21,Northwest Territories,1,1,1,1,0.0,0.0,0.0,0.0
1280,2020,2020-11-21,Nova Scotia,1,1,1,1,5.0,15.0,35.0,50.0
1281,2020,2020-11-21,Nunavut,1,1,1,1,0.0,0.0,0.0,0.0
1282,2020,2020-11-21,ON,1,1,1,1,35.0,140.0,415.0,545.0
1283,2020,2020-11-21,Prince Edward Island,1,1,1,1,0.0,0.0,0.0,0.0
1284,2020,2020-11-21,QC,1,1,1,1,20.0,55.0,255.0,335.0
1285,2020,2020-11-21,Saskatchewan,1,1,1,1,0.0,10.0,30.0,35.0
1286,2020,2020-11-21,Yukon,1,1,1,1,0.0,0.0,0.0,0.0
1287,2020,2020-11-28,Alberta,1,1,1,1,25.0,45.0,90.0,130.0
1288,2020,2020-11-28,BC,1,1,1,1,10.0,35.0,125.0,210.0
1289,2020,2020-11-28,Manitoba,1,1,1,1,10.0,15.0,50.0,75.0
1290,2020,2020-11-28,New Brunswick,1,1,1,1,5.0,10.0,25.0,30.0
1291,2020,2020-11-28,Newfoundland and Labrador,1,1,1,1,0.0,10.0,15.0,25.0
1292,2020,2020-11-28,Northwest Territories,1,1,1,1,0.0,0.0,0.0,0.0
1293,2020,2020-11-28,Nova Scotia,1,1,1,1,0.0,5.0,50.0,40.0
1294,2020,2020-11-28,Nunavut,1,1,1,1,0.0,0.0,0.0,0.0
1295,2020,2020-11-28,ON,1,1,1,1,45.0,115.0,420.0,555.0
1296,2020,2020-11-28,Prince Edward Island,1,1,1,1,0.0,0.0,0.0,0.0
1297,2020,2020-11-28,QC,1,1,1,1,15.0,65.0,300.0,345.0
1298,2020,2020-11-28,Saskatchewan,1,1,1,1,5.0,10.0,30.0,40.0
1299,2020,2020-11-28,Yukon,1,1,1,1,0.0,0.0,0.0,0.0
1300,2020,2020-12-05,Alberta,1,1,1,1,25.0,40.0,105.0,130.0
1301,2020,2020-12-05,BC,1,1,1,1,20.0,35.0,180.0,200.0
1302,2020,2020-12-05,Manitoba,1,1,1,1,10.0,20.0,60.0,85.0
1303,2020,2020-12-05,New Brunswick,1,1,1,1,0.0,15.0,25.0,25.0
1304,2020,2020-12-05,Newfoundland and Labrador,1,1,1,1,0.0,5.0,25.0,20.0
1305,2020,2020-12-05,Northwest Territories,1,1,1,1,0.0,0.0,0.0,0.0
1306,2020,2020-12-05,Nova Scotia,1,1,1,1,5.0,10.0,35.0,45.0
1307,2020,2020-12-05,Nunavut,1,1,1,1,0.0,0.0,0.0,0.0
1308,2020,2020-12-05,ON,1,1,1,1,40.0,120.0,450.0,505.0
1309,2020,2020-12-05,Prince Edward Island,1,1,1,1,0.0,0.0,0.0,0.0
1310,2020,2020-12-05,QC,1,1,1,1,10.0,60.0,300.0,395.0
1311,2020,2020-12-05,Saskatchewan,1,1,1,1,5.0,15.0,40.0,60.0
1312,2020,2020-12-05,Yukon,1,1,1,1,0.0,0.0,0.0,0.0
1313,2020,2020-12-12,Alberta,1,1,1,1,20.0,40.0,120.0,150.0
1314,2020,2020-12-12,BC,1,1,1,1,15.0,30.0,175.0,215.0
1315,2020,2020-12-12,Manitoba,1,1,1,1,5.0,15.0,55.0,65.0
1316,2020,2020-12-12,New Brunswick,1,1,1,1,0.0,5.0,30.0,35.0
1317,2020,2020-12-12,Newfoundland and Labrador,1,1,1,1,0.0,5.0,30.0,20.0
1318,2020,2020-12-12,Northwest Territories,1,1,1,1,0.0,0.0,0.0,0.0
1319,2020,2020-12-12,Nova Scotia,1,1,1,1,5.0,10.0,40.0,45.0
1320,2020,2020-12-12,Nunavut,1,1,1,1,0.0,0.0,0.0,0.0
1321,2020,2020-12-12,ON,1,1,1,1,40.0,135.0,400.0,550.0
1322,2020,2020-12-12,Prince Edward Island,1,1,1,1,0.0,0.0,0.0,0.0
1323,2020,2020-12-12,QC,1,1,1,1,10.0,70.0,280.0,390.0
1324,2020,2020-12-12,Saskatchewan,1,1,1,1,15.0,10.0,35.0,60.0
1325,2020,2020-12-12,Yukon,1,1,1,1,0.0,0.0,0.0,0.0
1326,2020,2020-12-19,Alberta,1,1,1,1,20.0,35.0,115.0,145.0
1327,2020,2020-12-19,BC,1,1,1,1,15.0,35.0,160.0,210.0
1328,2020,2020-12-19,Manitoba,1,1,1,1,5.0,15.0,45.0,60.0
1329,2020,2020-12-19,New Brunswick,1,1,1,1,0.0,5.0,25.0,30.0
1330,2020,2020-12-19,Newfoundland and Labrador,1,1,1,1,0.0,10.0,20.0,25.0
1331,2020,2020-12-19,Northwest Territories,1,1,1,1,0.0,0.0,0.0,0.0
1332,2020,2020-12-19,Nova Scotia,1,1,1,1,0.0,10.0,40.0,40.0
1333,2020,2020-12-19,Nunavut,1,1,1,1,0.0,0.0,0.0,0.0
1334,2020,2020-12-19,ON,1,1,1,1,35.0,105.0,400.0,530.0
1335,2020,2020-12-19,Prince Edward Island,1,1,1,1,0.0,0.0,0.0,0.0
1336,2020,2020-12-19,QC,1,1,1,1,15.0,75.0,285.0,390.0
1337,2020,2020-12-19,Saskatchewan,1,1,1,1,5.0,15.0,35.0,50.0
1338,2020,2020-12-19,Yukon,1,1,1,1,0.0,0.0,0.0,0.0
1339,2020,2020-12-26,Alberta,1,1,1,1,25.0,40.0,140.0,145.0
1340,2020,2020-12-26,BC,1,1,1,1,15.0,45.0,140.0,190.0
1341,2020,2020-12-26,Manitoba,1,1,1,1,10.0,15.0,55.0,75.0
1342,2020,2020-12-26,New Brunswick,1,1,1,1,5.0,5.0,40.0,30.0
1343,2020,2020-12-26,Newfoundland and Labrador,1,1,1,1,0.0,5.0,20.0,15.0
1344,2020,2020-12-26,Northwest Territories,1,1,1,1,0.0,0.0,0.0,0.0
1345,2020,2020-12-26,Nova Scotia,1,1,1,1,5.0,10.0,50.0,50.0
1346,2020,2020-12-26,Nunavut,1,1,1,1,0.0,0.0,0.0,0.0
1347,2020,2020-12-26,ON,1,1,1,1,25.0,130.0,405.0,575.0
1348,2020,2020-12-26,Prince Edward Island,1,1,1,1,0.0,0.0,0.0,0.0
1349,2020,2020-12-26,QC,1,1,1,1,15.0,75.0,310.0,410.0
1350,2020,2020-12-26,Saskatchewan,1,1,1,1,10.0,15.0,45.0,60.0
1351,2020,2020-12-26,Yukon,1,1,1,1,0.0,0.0,0.0,0.0
1352,2021,2021-01-02,Alberta,1,1,1,1,15.0,50.0,140.0,170.0
1353,2021,2021-01-02,BC,1,1,1,1,15.0,50.0,170.0,210.0
1354,2021,2021-01-02,Manitoba,1,1,1,1,10.0,15.0,55.0,50.0
1355,2021,2021-01-02,New Brunswick,1,1,1,1,0.0,10.0,25.0,20.0
1356,2021,2021-01-02,Newfoundland and Labrador,1,1,1,1,0.0,10.0,30.0,20.0
1357,2021,2021-01-02,Northwest Territories,1,1,1,1,0.0,0.0,0.0,0.0
1358,2021,2021-01-02,Nova Scotia,1,1,1,1,0.0,10.0,35.0,45.0
1359,2021,2021-01-02,Nunavut,1,1,1,1,0.0,0.0,0.0,0.0
1360,2021,2021-01-02,ON,1,1,1,1,35.0,135.0,480.0,595.0
1361,2021,2021-01-02,Prince Edward Island,1,1,1,1,0.0,0.0,0.0,0.0
1362,2021,2021-01-02,QC,1,1,1,1,20.0,65.0,285.0,395.0
1363,2021,2021-01-02,Saskatchewan,1,1,1,1,10.0,10.0,30.0,45.0
1364,2021,2021-01-02,Yukon,1,1,1,1,0.0,0.0,0.0,0.0
1365,2021,2021-01-09,Alberta,1,1,1,1,15.0,45.0,120.0,135.0
1366,2021,2021-01-09,BC,1,1,1,1,10.0,35.0,145.0,180.0
1367,2021,2021-01-09,Manitoba,1,1,1,1,0.0,20.0,55.0,60.0
1368,2021,2021-01-09,New Brunswick,1,1,1,1,0.0,10.0,25.0,35.0
1369,2021,2021-01-09,Newfoundland and Labrador,1,1,1,1,5.0,5.0,30.0,15.0
1370,2021,2021-01-09,Northwest Territories,1,1,1,1,0.0,0.0,0.0,0.0
1371,2021,2021-01-09,Nova Scotia,1,1,1,1,5.0,15.0,40.0,35.0
1372,2021,2021-01-09,Nunavut,1,1,1,1,0.0,0.0,0.0,0.0
1373,2021,2021-01-09,ON,1,1,1,1,45.0,145.0,480.0,630.0
1374,2021,2021-01-09,Prince Edward Island,1,1,1,1,0.0,0.0,0.0,0.0
1375,2021,2021-01-09,QC,1,1,1,1,20.0,70.0,330.0,410.0
1376,2021,2021-01-09,Saskatchewan,1,1,1,1,5.0,25.0,35.0,60.0
1377,2021,2021-01-09,Yukon,1,1,1,1,0.0,0.0,0.0,0.0
1378,2021,2021-01-16,Alberta,1,1,1,1,20.0,35.0,130.0,155.0
1379,2021,2021-01-16,BC,1,1,1,1,20.0,45.0,150.0,195.0
1380,2021,2021-01-16,Manitoba,1,1,1,1,5.0,10.0,35.0,40.0
1381,2021,2021-01-16,New Brunswick,1,1,1,1,5.0,10.0,25.0,25.0
1382,2021,2021-01-16,Newfoundland and Labrador,1,1,1,1,0.0,15.0,30.0,20.0
1383,2021,2021-01-16,Northwest Territories,1,1,1,1,0.0,0.0,0.0,0.0
1384,2021,2021-01-16,Nova Scotia,1,1,1,1,5.0,10.0,45.0,30.0
1385,2021,2021-01-16,Nunavut,1,1,1,1,0.0,0.0,0.0,0.0
1386,2021,2021-01-16,ON,1,1,1,1,30.0,120.0,470.0,625.0
1387,2021,2021-01-16,Prince Edward Island,1,1,1,1,0.0,0.0,0.0,0.0
1388,2021,2021-01-16,QC,1,1,1,1,15.0,70.0,305.0,440.0
1389,2021,2021-01-16,Saskatchewan,1,1,1,1,10.0,15.0,45.0,60.0
1390,2021,2021-01-16,Yukon,1,1,1,1,0.0,0.0,0.0,0.0
1391,2021,2021-01-23,Alberta,1,1,1,1,25.0,40.0,100.0,135.0
1392,2021,2021-01-23,BC,1,1,1,1,15.0,35.0,155.0,170.0
1393,2021,2021-01-23,Manitoba,1,1,1,1,5.0,10.0,50.0,55.0
1394,2021,2021-01-23,New Brunswick,1,1,1,1,5.0,10.0,40.0,35.0
1395,2021,2021-01-23,Newfoundland and Labrador,1,1,1,1,0.0,5.0,25.0,25.0
1396,2021,2021-01-23,Northwest Territories,1,1,1,1,0.0,0.0,0.0,0.0
1397,2021,2021-01-23,Nova Scotia,1,1,1,1,5.0,10.0,35.0,35.0
1398,2021,2021-01-23,Nunavut,1,1,1,1,0.0,0.0,0.0,0.0
1399,2021,2021-01-23,ON,1,1,1,1,45.0,135.0,505.0,590.0
1400,2021,2021-01-23,Prince Edward Island,1,1,1,1,0.0,0.0,0.0,0.0
1401,2021,2021-01-23,QC,1,1,1,1,15.0,75.0,295.0,400.0
1402,2021,2021-01-23,Saskatchewan,1,1,1,1,5.0,10.0,45.0,40.0
1403,2021,2021-01-23,Yukon,1,1,1,1,0.0,0.0,0.0,0.0
1404,2021,2021-01-30,Alberta,1,1,1,1,15.0,50.0,100.0,115.0
1405,2021,2021-01-30,BC,1,1,1,1,15.0,35.0,170.0,175.0
1406,2021,2021-01-30,Manitoba,1,1,1,1,0.0,20.0,50.0,50.0
1407,2021,2021-01-30,New Brunswick,1,1,1,1,5.0,20.0,30.0,30.0
1408,2021,2021-01-30,Newfoundland and Labrador,1,1,1,1,5.0,5.0,30.0,25.0
1409,2021,2021-01-30,Northwest Territories,1,1,1,1,0.0,0.0,0.0,0.0
1410,2021,2021-01-30,Nova Scotia,1,1,1,1,5.0,10.0,35.0,30.0
1411,2021,2021-01-30,Nunavut,1,1,1,1,0.0,0.0,0.0,0.0
1412,2021,2021-01-30,ON,1,1,1,1,45.0,150.0,485.0,620.0
1413,2021,2021-01-30,Prince Edward Island,1,1,1,1,0.0,0.0,0.0,0.0
1414,2021,2021-01-30,QC,1,1,1,1,10.0,55.0,275.0,350.0
1415,2021,2021-01-30,Saskatchewan,1,1,1,1,5.0,15.0,55.0,55.0
1416,2021,2021-01-30,Yukon,1,1,1,1,0.0,0.0,0.0,0.0
1417,2021,2021-02-06,Alberta,1,1,1,1,15.0,35.0,110.0,115.0
1418,2021,2021-02-06,BC,1,1,1,1,15.0,30.0,155.0,190.0
1419,2021,2021-02-06,Manitoba,1,1,1,1,5.0,15.0,40.0,40.0
1420,2021,2021-02-06,New Brunswick,1,1,1,1,5.0,10.0,30.0,40.0
1421,2021,2021-02-06,Newfoundland and Labrador,1,1,1,1,0.0,5.0,20.0,15.0
1422,2021,2021-02-06,Northwest Territories,1,1,1,1,0.0,0.0,0.0,0.0
1423,2021,2021-02-06,Nova Scotia,1,1,1,1,0.0,10.0,45.0,40.0
1424,2021,2021-02-06,Nunavut,1,1,1,1,0.0,0.0,0.0,0.0
1425,2021,2021-02-06,ON,1,1,1,1,50.0,150.0,445.0,580.0
1426,2021,2021-02-06,Prince Edward Island,1,1,1,1,0.0,0.0,0.0,0.0
1427,2021,2021-02-06,QC,1,1,1,1,15.0,70.0,315.0,400.0
1428,2021,2021-02-06,Saskatchewan,1,1,1,1,5.0,15.0,45.0,60.0
1429,2021,2021-02-06,Yukon,1,1,1,1,0.0,0.0,0.0,0.0
1430,2021,2021-02-13,Alberta,1,1,1,1,10.0,35.0,105.0,110.0
1431,2021,2021-02-13,BC,1,1,1,1,20.0,50.0,165.0,175.0
1432,2021,2021-02-13,Manitoba,1,1,1,1,5.0,10.0,45.0,40.0
1433,2021,2021-02-13,New Brunswick,1,1,1,1,0.0,10.0,30.0,30.0
1434,2021,2021-02-13,Newfoundland and Labrador,1,1,1,1,5.0,5.0,25.0,10.0
1435,2021,2021-02-13,Northwest Territories,1,1,1,1,0.0,0.0,0.0,0.0
1436,2021,2021-02-13,Nova Scotia,1,1,1,1,0.0,10.0,50.0,45.0
1437,2021,2021-02-13,Nunavut,1,1,1,1,0.0,0.0,0.0,0.0
1438,2021,2021-02-13,ON,1,1,1,1,30.0,115.0,440.0,540.0
1439,2021,2021-02-13,Prince Edward Island,1,1,1,1,0.0,0.0,0.0,0.0
1440,2021,2021-02-13,QC,1,1,1,1,15.0,50.0,275.0,310.0
1441,2021,2021-02-13,Saskatchewan,1,1,1,1,10.0,10.0,35.0,50.0
1442,2021,2021-02-13,Yukon,1,1,1,1,0.0,0.0,0.0,0.0
1443,2021,2021-02-20,Alberta,1,1,1,1,15.0,35.0,95.0,115.0
1444,2021,2021-02-20,BC,1,1,1,1,15.0,35.0,145.0,175.0
1445,2021,2021-02-20,Manitoba,1,1,1,1,5.0,5.0,45.0,50.0
1446,2021,2021-02-20,New Brunswick,1,1,1,1,5.0,15.0,35.0,30.0
1447,2021,2021-02-20,Newfoundland and Labrador,1,1,1,1,0.0,10.0,15.0,20.0
1448,2021,2021-02-20,Northwest Territories,1,1,1,1,0.0,0.0,0.0,0.0
1449,2021,2021-02-20,Nova Scotia,1,1,1,1,5.0,10.0,35.0,35.0
1450,2021,2021-02-20,Nunavut,1,1,1,1,0.0,0.0,0.0,0.0
1451,2021,2021-02-20,ON,1,1,1,1,50.0,135.0,415.0,515.0
1452,2021,2021-02-20,Prince Edward Island,1,1,1,1,0.0,0.0,0.0,0.0
1453,2021,2021-02-20,QC,1,1,1,1,20.0,60.0,275.0,315.0
1454,2021,2021-02-20,Saskatchewan,1,1,1,1,10.0,10.0,40.0,55.0
1455,2021,2021-02-20,Yukon,1,1,1,1,0.0,0.0,0.0,0.0
1456,2021,2021-02-27,Alberta,1,1,1,1,15.0,35.0,105.0,115.0
1457,2021,2021-02-27,BC,1,1,1,1,15.0,35.0,160.0,175.0
1458,2021,2021-02-27,Manitoba,1,1,1,1,5.0,15.0,30.0,45.0
1459,2021,2021-02-27,New Brunswick,1,1,1,1,0.0,10.0,15.0,25.0
1460,2021,2021-02-27,Newfoundland and Labrador,1,1,1,1,0.0,0.0,20.0,25.0
1461,2021,2021-02-27,Northwest Territories,1,1,1,1,0.0,0.0,0.0,0.0
1462,2021,2021-02-27,Nova Scotia,1,1,1,1,0.0,10.0,45.0,40.0
1463,2021,2021-02-27,Nunavut,1,1,1,1,0.0,0.0,0.0,0.0
1464,2021,2021-02-27,ON,1,1,1,1,25.0,120.0,435.0,545.0
1465,2021,2021-02-27,Prince Edward Island,1,1,1,1,0.0,0.0,0.0,0.0
1466,2021,2021-02-27,QC,1,1,1,1,10.0,65.0,275.0,330.0
1467,2021,2021-02-27,Saskatchewan,1,1,1,1,5.0,10.0,25.0,50.0
1468,2021,2021-02-27,Yukon,1,1,1,1,0.0,0.0,0.0,0.0
1469,2021,2021-03-06,Alberta,1,1,1,1,20.0,35.0,100.0,110.0
1470,2021,2021-03-06,BC,1,1,1,1,20.0,30.0,130.0,170.0
1471,2021,2021-03-06,Manitoba,1,1,1,1,10.0,10.0,40.0,55.0
1472,2021,2021-03-06,New Brunswick,1,1,1,1,0.0,10.0,40.0,35.0
1473,2021,2021-03-06,Newfoundland and Labrador,1,1,1,1,5.0,5.0,30.0,20.0
1474,2021,2021-03-06,Northwest Territories,1,1,1,1,0.0,0.0,0.0,0.0
1475,2021,2021-03-06,Nova Scotia,1,1,1,1,0.0,15.0,40.0,35.0
1476,2021,2021-03-06,Nunavut,1,1,1,1,0.0,0.0,0.0,0.0
1477,2021,2021-03-06,ON,1,1,1,1,45.0,105.0,420.0,495.0
1478,2021,2021-03-06,Prince Edward Island,1,1,1,1,0.0,0.0,0.0,0.0
1479,2021,2021-03-06,QC,1,1,1,1,15.0,65.0,260.0,295.0
1480,2021,2021-03-06,Saskatchewan,1,1,1,1,5.0,15.0,40.0,40.0
1481,2021,2021-03-06,Yukon,1,1,1,1,0.0,0.0,0.0,0.0
1482,2021,2021-03-13,Alberta,1,1,1,1,15.0,30.0,95.0,110.0
1483,2021,2021-03-13,BC,1,1,1,1,15.0,55.0,150.0,155.0
1484,2021,2021-03-13,Manitoba,1,1,1,1,5.0,15.0,40.0,45.0
1485,2021,2021-03-13,New Brunswick,1,1,1,1,5.0,5.0,35.0,30.0
1486,2021,2021-03-13,Newfoundland and Labrador,1,1,1,1,5.0,5.0,25.0,20.0
1487,2021,2021-03-13,Northwest Territories,1,1,1,1,0.0,0.0,0.0,0.0
1488,2021,2021-03-13,Nova Scotia,1,1,1,1,5.0,5.0,35.0,45.0
1489,2021,2021-03-13,Nunavut,1,1,1,1,0.0,0.0,0.0,0.0
1490,2021,2021-03-13,ON,1,1,1,1,40.0,120.0,425.0,525.0
1491,2021,2021-03-13,Prince Edward Island,1,1,1,1,0.0,0.0,0.0,0.0
1492,2021,2021-03-13,QC,1,1,1,1,5.0,65.0,275.0,305.0
1493,2021,2021-03-13,Saskatchewan,1,1,1,1,10.0,10.0,30.0,40.0
1494,2021,2021-03-13,Yukon,1,1,1,1,0.0,0.0,0.0,0.0
1495,2021,2021-03-20,Alberta,1,1,1,1,25.0,30.0,90.0,100.0
1496,2021,2021-03-20,BC,1,1,1,1,15.0,40.0,160.0,200.0
1497,2021,2021-03-20,Manitoba,1,1,1,1,10.0,10.0,35.0,40.0
1498,2021,2021-03-20,New Brunswick,1,1,1,1,0.0,5.0,30.0,20.0
1499,2021,2021-03-20,Newfoundland and Labrador,1,1,1,1,5.0,5.0,25.0,10.0
1500,2021,2021-03-20,Northwest Territories,1,1,1,1,0.0,0.0,0.0,0.0
1501,2021,2021-03-20,Nova Scotia,1,1,1,1,0.0,10.0,40.0,25.0
1502,2021,2021-03-20,Nunavut,1,1,1,1,0.0,0.0,0.0,0.0
1503,2021,2021-03-20,ON,1,1,1,1,35.0,130.0,390.0,460.0
1504,2021,2021-03-20,Prince Edward Island,1,1,1,1,0.0,0.0,0.0,0.0
1505,2021,2021-03-20,QC,1,1,1,1,20.0,70.0,275.0,290.0
1506,2021,2021-03-20,Saskatchewan,1,1,1,1,5.0,5.0,35.0,50.0
1507,2021,2021-03-20,Yukon,1,1,1,1,0.0,0.0,0.0,0.0
1508,2021,2021-03-27,Alberta,1,1,1,1,20.0,35.0,85.0,120.0
1509,2021,2021-03-27,BC,1,1,1,1,10.0,45.0,130.0,175.0
1510,2021,2021-03-27,Manitoba,1,1,1,1,5.0,10.0,40.0,30.0
1511,2021,2021-03-27,New Brunswick,1,1,1,1,0.0,10.0,40.0,30.0
1512,2021,2021-03-27,Newfoundland and Labrador,1,1,1,1,0.0,5.0,25.0,20.0
1513,2021,2021-03-27,Northwest Territories,1,1,1,1,0.0,0.0,0.0,0.0
1514,2021,2021-03-27,Nova Scotia,1,1,1,1,5.0,15.0,30.0,40.0
1515,2021,2021-03-27,Nunavut,1,1,1,1,0.0,0.0,0.0,0.0
1516,2021,2021-03-27,ON,1,1,1,1,35.0,130.0,440.0,485.0
1517,2021,2021-03-27,Prince Edward Island,1,1,1,1,0.0,0.0,0.0,0.0
1518,2021,2021-03-27,QC,1,1,1,1,15.0,70.0,260.0,305.0
1519,2021,2021-03-27,Saskatchewan,1,1,1,1,5.0,15.0,35.0,35.0
1520,2021,2021-03-27,Yukon,1,1,1,1,0.0,0.0,0.0,0.0
1521,2021,2021-04-03,Alberta,1,1,1,1,10.0,40.0,85.0,110.0
1522,2021,2021-04-03,BC,1,1,1,1,10.0,45.0,165.0,150.0
1523,2021,2021-04-03,Manitoba,1,1,1,1,10.0,15.0,35.0,35.0
1524,2021,2021-04-03,New Brunswick,1,1,1,1,5.0,5.0,40.0,30.0
1525,2021,2021-04-03,Newfoundland and Labrador,1,1,1,1,0.0,10.0,35.0,20.0
1526,2021,2021-04-03,Northwest Territories,1,1,1,1,0.0,0.0,0.0,0.0
1527,2021,2021-04-03,Nova Scotia,1,1,1,1,5.0,15.0,40.0,35.0
1528,2021,2021-04-03,Nunavut,1,1,1,1,0.0,0.0,0.0,0.0
1529,2021,2021-04-03,ON,1,1,1,1,40.0,120.0,380.0,450.0
1530,2021,2021-04-03,Prince Edward Island,1,1,1,1,0.0,0.0,0.0,0.0
1531,2021,2021-04-03,QC,1,1,1,1,10.0,45.0,255.0,295.0
1532,2021,2021-04-03,Saskatchewan,1,1,1,1,5.0,10.0,40.0,35.0
1533,2021,2021-04-03,Yukon,1,1,1,1,0.0,0.0,0.0,0.0
1534,2021,2021-04-10,Alberta,1,1,1,1,15.0,40.0,100.0,100.0
1535,2021,2021-04-10,BC,1,1,1,1,20.0,45.0,160.0,165.0
1536,2021,2021-04-10,Manitoba,1,1,1,1,5.0,5.0,40.0,40.0
1537,2021,2021-04-10,New Brunswick,1,1,1,1,0.0,10.0,30.0,30.0
1538,2021,2021-04-10,Newfoundland and Labrador,1,1,1,1,0.0,5.0,25.0,20.0
1539,2021,2021-04-10,Northwest Territories,1,1,1,1,0.0,0.0,0.0,0.0
1540,2021,2021-04-10,Nova Scotia,1,1,1,1,0.0,15.0,30.0,40.0
1541,2021,2021-04-10,Nunavut,1,1,1,1,0.0,0.0,0.0,0.0
1542,2021,2021-04-10,ON,1,1,1,1,40.0,145.0,450.0,480.0
1543,2021,2021-04-10,Prince Edward Island,1,1,1,1,0.0,0.0,0.0,0.0
1544,2021,2021-04-10,QC,1,1,1,1,15.0,60.0,300.0,260.0
1545,2021,2021-04-10,Saskatchewan,1,1,1,1,5.0,15.0,30.0,30.0
1546,2021,2021-04-10,Yukon,1,1,1,1,0.0,0.0,0.0,0.0
1547,2021,2021-04-17,Alberta,1,1,1,1,20.0,35.0,80.0,95.0
1548,2021,2021-04-17,BC,1,1,1,1,15.0,45.0,150.0,160.0
1549,2021,2021-04-17,Manitoba,1,1,1,1,5.0,15.0,40.0,45.0
1550,2021,2021-04-17,New Brunswick,1,1,1,1,5.0,15.0,25.0,25.0
1551,2021,2021-04-17,Newfoundland and Labrador,1,1,1,1,0.0,5.0,30.0,10.0
1552,2021,2021-04-17,Northwest Territories,1,1,1,1,0.0,0.0,0.0,0.0
1553,2021,2021-04-17,Nova Scotia,1,1,1,1,5.0,10.0,35.0,40.0
1554,2021,2021-04-17,Nunavut,1,1,1,1,0.0,0.0,0.0,0.0
1555,2021,2021-04-17,ON,1,1,1,1,40.0,135.0,430.0,480.0
1556,2021,2021-04-17,Prince Edward Island,1,1,1,1,0.0,0.0,0.0,0.0
1557,2021,2021-04-17,QC,1,1,1,1,15.0,70.0,270.0,275.0
1558,2021,2021-04-17,Saskatchewan,1,1,1,1,10.0,10.0,35.0,40.0
1559,2021,2021-04-17,Yukon,1,1,1,1,0.0,0.0,0.0,0.0
1560,2021,2021-04-24,Alberta,1,1,1,1,20.0,50.0,95.0,90.0
1561,2021,2021-04-24,BC,1,1,1,1,10.0,30.0,135.0,135.0
1562,2021,2021-04-24,Manitoba,1,1,1,1,5.0,20.0,30.0,35.0
1563,2021,2021-04-24,New Brunswick,1,1,1,1,0.0,10.0,35.0,35.0
1564,2021,2021-04-24,Newfoundland and Labrador,1,1,1,1,5.0,10.0,25.0,15.0
1565,2021,2021-04-24,Northwest Territories,1,1,1,1,0.0,0.0,0.0,0.0
1566,2021,2021-04-24,Nova Scotia,1,1,1,1,0.0,20.0,35.0,35.0
1567,2021,2021-04-24,Nunavut,1,1,1,1,0.0,0.0,0.0,0.0
1568,2021,2021-04-24,ON,1,1,1,1,40.0,135.0,485.0,440.0
1569,2021,2021-04-24,Prince Edward Island,1,1,1,1,0.0,0.0,0.0,0.0
1570,2021,2021-04-24,QC,1,1,1,1,10.0,65.0,235.0,285.0
1571,2021,2021-04-24,Saskatchewan,1,1,1,1,5.0,5.0,35.0,55.0
1572,2021,2021-04-24,Yukon,1,1,1,1,0.0,0.0,0.0,0.0
1573,2021,2021-05-01,Alberta,1,1,1,1,15.0,35.0,100.0,100.0
1574,2021,2021-05-01,BC,1,1,1,1,20.0,40.0,125.0,140.0
1575,2021,2021-05-01,Manitoba,1,1,1,1,5.0,5.0,35.0,35.0
1576,2021,2021-05-01,New Brunswick,1,1,1,1,5.0,10.0,30.0,30.0
1577,2021,2021-05-01,Newfoundland and Labrador,1,1,1,1,0.0,5.0,20.0,20.0
1578,2021,2021-05-01,Northwest Territories,1,1,1,1,0.0,0.0,0.0,0.0
1579,2021,2021-05-01,Nova Scotia,1,1,1,1,0.0,10.0,40.0,40.0
1580,2021,2021-05-01,Nunavut,1,1,1,1,0.0,0.0,0.0,0.0
1581,2021,2021-05-01,ON,1,1,1,1,40.0,135.0,430.0,530.0
1582,2021,2021-05-01,Prince Edward Island,1,1,1,1,0.0,0.0,0.0,0.0
1583,2021,2021-05-01,QC,1,1,1,1,20.0,80.0,280.0,275.0
1584,2021,2021-05-01,Saskatchewan,1,1,1,1,5.0,15.0,30.0,50.0
1585,2021,2021-05-01,Yukon,1,1,1,1,0.0,0.0,0.0,0.0
1586,2021,2021-05-08,Alberta,1,1,1,1,20.0,25.0,95.0,90.0
1587,2021,2021-05-08,BC,1,1,1,1,20.0,40.0,150.0,180.0
1588,2021,2021-05-08,Manitoba,1,1,1,1,5.0,25.0,35.0,45.0
1589,2021,2021-05-08,New Brunswick,1,1,1,1,0.0,10.0,25.0,30.0
1590,2021,2021-05-08,Newfoundland and Labrador,1,1,1,1,5.0,5.0,20.0,15.0
1591,2021,2021-05-08,Northwest Territories,1,1,1,1,0.0,0.0,0.0,0.0
1592,2021,2021-05-08,Nova Scotia,1,1,1,1,5.0,10.0,35.0,45.0
1593,2021,2021-05-08,Nunavut,1,1,1,1,0.0,0.0,0.0,0.0
1594,2021,2021-05-08,ON,1,1,1,1,35.0,135.0,435.0,470.0
1595,2021,2021-05-08,Prince Edward Island,1,1,1,1,0.0,0.0,0.0,0.0
1596,2021,2021-05-08,QC,1,1,1,1,15.0,70.0,265.0,270.0
1597,2021,2021-05-08,Saskatchewan,1,1,1,1,10.0,10.0,25.0,40.0
1598,2021,2021-05-08,Yukon,1,1,1,1,0.0,0.0,0.0,0.0
1599,2021,2021-05-15,Alberta,1,1,1,1,15.0,40.0,100.0,105.0
1600,2021,2021-05-15,BC,1,1,1,1,5.0,45.0,140.0,150.0
1601,2021,2021-05-15,Manitoba,1,1,1,1,10.0,10.0,40.0,45.0
1602,2021,2021-05-15,New Brunswick,1,1,1,1,0.0,15.0,45.0,35.0
1603,2021,2021-05-15,Newfoundland and Labrador,1,1,1,1,0.0,5.0,20.0,15.0
1604,2021,2021-05-15,Northwest Territories,1,1,1,1,0.0,0.0,0.0,0.0
1605,2021,2021-05-15,Nova Scotia,1,1,1,1,0.0,15.0,45.0,30.0
1606,2021,2021-05-15,Nunavut,1,1,1,1,0.0,0.0,0.0,0.0
1607,2021,2021-05-15,ON,1,1,1,1,45.0,140.0,435.0,455.0
1608,2021,2021-05-15,Prince Edward Island,1,1,1,1,0.0,0.0,0.0,0.0
1609,2021,2021-05-15,QC,1,1,1,1,20.0,75.0,230.0,270.0
1610,2021,2021-05-15,Saskatchewan,1,1,1,1,5.0,10.0,45.0,40.0
1611,2021,2021-05-15,Yukon,1,1,1,1,0.0,0.0,0.0,0.0
1612,2021,2021-05-22,Alberta,1,1,1,1,10.0,30.0,105.0,80.0
1613,2021,2021-05-22,BC,1,1,1,1,10.0,40.0,155.0,160.0
1614,2021,2021-05-22,Manitoba,1,1,1,1,10.0,10.0,40.0,40.0
1615,2021,2021-05-22,New Brunswick,1,1,1,1,0.0,5.0,30.0,30.0
1616,2021,2021-05-22,Newfoundland and Labrador,1,1,1,1,0.0,5.0,35.0,10.0
1617,2021,2021-05-22,Northwest Territories,1,1,1,1,0.0,0.0,0.0,0.0
1618,2021,2021-05-22,Nova Scotia,1,1,1,1,0.0,15.0,45.0,45.0
1619,2021,2021-05-22,Nunavut,1,1,1,1,0.0,0.0,0.0,0.0
1620,2021,2021-05-22,ON,1,1,1,1,45.0,125.0,435.0,460.0
1621,2021,2021-05-22,Prince Edward Island,1,1,1,1,0.0,0.0,0.0,0.0
1622,2021,2021-05-22,QC,1,1,1,1,15.0,65.0,260.0,300.0
1623,2021,2021-05-22,Saskatchewan,1,1,1,1,5.0,10.0,30.0,35.0
1624,2021,2021-05-22,Yukon,1,1,1,1,0.0,0.0,0.0,0.0
1625,2021,2021-05-29,Alberta,1,1,1,1,20.0,50.0,80.0,110.0
1626,2021,2021-05-29,BC,1,1,1,1,20.0,45.0,130.0,135.0
1627,2021,2021-05-29,Manitoba,1,1,1,1,5.0,15.0,40.0,35.0
1628,2021,2021-05-29,New Brunswick,1,1,1,1,5.0,5.0,20.0,25.0
1629,2021,2021-05-29,Newfoundland and Labrador,1,1,1,1,5.0,5.0,25.0,15.0
1630,2021,2021-05-29,Northwest Territories,1,1,1,1,0.0,0.0,0.0,0.0
1631,2021,2021-05-29,Nova Scotia,1,1,1,1,0.0,10.0,50.0,30.0
1632,2021,2021-05-29,Nunavut,1,1,1,1,0.0,0.0,0.0,0.0
1633,2021,2021-05-29,ON,1,1,1,1,45.0,125.0,390.0,390.0
1634,2021,2021-05-29,Prince Edward Island,1,1,1,1,0.0,0.0,0.0,0.0
1635,2021,2021-05-29,QC,1,1,1,1,15.0,50.0,225.0,275.0
1636,2021,2021-05-29,Saskatchewan,1,1,1,1,5.0,10.0,35.0,35.0
1637,2021,2021-05-29,Yukon,1,1,1,1,0.0,0.0,0.0,0.0
1638,2021,2021-06-05,Alberta,1,1,1,1,25.0,30.0,90.0,110.0
1639,2021,2021-06-05,BC,1,1,1,1,15.0,40.0,135.0,170.0
1640,2021,2021-06-05,Manitoba,1,1,1,1,5.0,10.0,45.0,60.0
1641,2021,2021-06-05,New Brunswick,1,1,1,1,5.0,5.0,35.0,25.0
1642,2021,2021-06-05,Newfoundland and Labrador,1,1,1,1,0.0,10.0,25.0,20.0
1643,2021,2021-06-05,Northwest Territories,1,1,1,1,0.0,0.0,0.0,0.0
1644,2021,2021-06-05,Nova Scotia,1,1,1,1,0.0,15.0,40.0,35.0
1645,2021,2021-06-05,Nunavut,1,1,1,1,0.0,0.0,0.0,0.0
1646,2021,2021-06-05,ON,1,1,1,1,45.0,120.0,380.0,430.0
1647,2021,2021-06-05,Prince Edward Island,1,1,1,1,0.0,0.0,0.0,0.0
1648,2021,2021-06-05,QC,1,1,1,1,15.0,65.0,240.0,280.0
1649,2021,2021-06-05,Saskatchewan,1,1,1,1,10.0,10.0,30.0,35.0
1650,2021,2021-06-05,Yukon,1,1,1,1,0.0,0.0,0.0,0.0
1651,2021,2021-06-12,Alberta,1,1,1,1,15.0,45.0,95.0,90.0
1652,2021,2021-06-12,BC,1,1,1,1,15.0,45.0,155.0,145.0
1653,2021,2021-06-12,Manitoba,1,1,1,1,5.0,10.0,40.0,45.0
1654,2021,2021-06-12,New Brunswick,1,1,1,1,0.0,10.0,35.0,40.0
1655,2021,2021-06-12,Newfoundland and Labrador,1,1,1,1,5.0,0.0,20.0,15.0
1656,2021,2021-06-12,Northwest Territories,1,1,1,1,0.0,0.0,0.0,0.0
1657,2021,2021-06-12,Nova Scotia,1,1,1,1,5.0,0.0,45.0,35.0
1658,2021,2021-06-12,Nunavut,1,1,1,1,0.0,0.0,0.0,0.0
1659,2021,2021-06-12,ON,1,1,1,1,30.0,120.0,410.0,380.0
1660,2021,2021-06-12,Prince Edward Island,1,1,1,1,0.0,0.0,0.0,0.0
1661,2021,2021-06-12,QC,1,1,1,1,10.0,55.0,250.0,240.0
1662,2021,2021-06-12,Saskatchewan,1,1,1,1,5.0,10.0,40.0,40.0
1663,2021,2021-06-12,Yukon,1,1,1,1,0.0,0.0,0.0,0.0
1664,2021,2021-06-19,Alberta,1,1,1,1,15.0,30.0,95.0,85.0
1665,2021,2021-06-19,BC,1,1,1,1,20.0,30.0,140.0,125.0
1666,2021,2021-06-19,Manitoba,1,1,1,1,5.0,20.0,45.0,35.0
1667,2021,2021-06-19,New Brunswick,1,1,1,1,5.0,5.0,30.0,25.0
1668,2021,2021-06-19,Newfoundland and Labrador,1,1,1,1,5.0,0.0,30.0,25.0
1669,2021,2021-06-19,Northwest Territories,1,1,1,1,0.0,0.0,0.0,0.0
1670,2021,2021-06-19,Nova Scotia,1,1,1,1,5.0,10.0,40.0,35.0
1671,2021,2021-06-19,Nunavut,1,1,1,1,0.0,0.0,0.0,0.0
1672,2021,2021-06-19,ON,1,1,1,1,35.0,125.0,375.0,455.0
1673,2021,2021-06-19,Prince Edward Island,1,1,1,1,0.0,0.0,0.0,0.0
1674,2021,2021-06-19,QC,1,1,1,1,25.0,65.0,255.0,265.0
1675,2021,2021-06-19,Saskatchewan,1,1,1,1,5.0,10.0,30.0,35.0
1676,2021,2021-06-19,Yukon,1,1,1,1,0.0,0.0,0.0,0.0
1677,2021,2021-06-26,Alberta,1,1,1,1,15.0,25.0,90.0,75.0
1678,2021,2021-06-26,BC,1,1,1,1,20.0,50.0,130.0,175.0
1679,2021,2021-06-26,Manitoba,1,1,1,1,0.0,15.0,30.0,45.0
1680,2021,2021-06-26,New Brunswick,1,1,1,1,5.0,10.0,40.0,20.0
1681,2021,2021-06-26,Newfoundland and Labrador,1,1,1,1,0.0,10.0,20.0,25.0
1682,2021,2021-06-26,Northwest Territories,1,1,1,1,0.0,0.0,0.0,0.0
1683,2021,2021-06-26,Nova Scotia,1,1,1,1,5.0,10.0,35.0,30.0
1684,2021,2021-06-26,Nunavut,1,1,1,1,0.0,0.0,0.0,0.0
1685,2021,2021-06-26,ON,1,1,1,1,30.0,100.0,395.0,380.0
1686,2021,2021-06-26,Prince Edward Island,1,1,1,1,0.0,0.0,0.0,0.0
1687,2021,2021-06-26,QC,1,1,1,1,15.0,60.0,245.0,250.0
1688,2021,2021-06-26,Saskatchewan,1,1,1,1,5.0,15.0,35.0,50.0
1689,2021,2021-06-26,Yukon,1,1,1,1,0.0,0.0,0.0,0.0
