"Date of visit*","Total

Number of ED visits, pre-pandemic","P.E.I.

Number of ED visits, pre-pandemic","N.S.

Number of ED visits, pre-pandemic","Que.

Number of ED visits, pre-pandemic","Ont.

Number of ED visits, pre-pandemic","Man. 

Number of ED visits, pre-pandemic","Sask.

Number of ED visits, pre-pandemic","Alta.

Number of ED visits, pre-pandemic","B.C.

Number of ED visits, pre-pandemic","Y.T.

Number of ED visits, pre-pandemic","Total

Number of ED visits, pandemic period","P.E.I.

Number of ED visits, pandemic period","N.S.

Number of ED visits, pandemic period","Que.

Number of ED visits, pandemic period","Ont.

Number of ED visits, pandemic period","Man.

Number of ED visits, pandemic period","Sask.

Number of ED visits, pandemic period","Alta.

Number of ED visits, pandemic period","B.C.

Number of ED visits, pandemic period","Y.T.

Number of ED visits, pandemic period","Total
Percentage change, pre-pandemic to pandemic period","P.E.I.
Percentage change, pre-pandemic to pandemic period","N.S.
Percentage change, pre-pandemic to pandemic period","Que.
Percentage change, pre-pandemic to pandemic period","Ont.
Percentage change, pre-pandemic to pandemic period","Man.
Percentage change, pre-pandemic to pandemic period","Sask.
Percentage change, pre-pandemic to pandemic period","Alta.
Percentage change, pre-pandemic to pandemic period","B.C.
Percentage change, pre-pandemic to pandemic period","Y.T.
Percentage change, pre-pandemic to pandemic period"
01-Mar-20,"40,722",72,821,"10,038","17,651",855,824,"5,717","4,633",111,"39,700",69,870,"9,208","16,725",864,961,"6,176","4,725",102,-1%,-4%,6%,-8%,-5%,1%,17%,8%,2%,-8%
02-Mar-20,"39,225",63,825,"9,385","16,979",821,776,"5,661","4,616",99,"44,688",78,985,"10,999","18,747",948,"1,001","6,853","4,926",151,13%,24%,19%,17%,10%,15%,29%,21%,7%,53%
03-Mar-20,"40,244",74,787,"9,708","17,307",859,824,"5,821","4,758",106,"42,282",68,896,"10,574","17,646",833,937,"6,530","4,656",142,4%,-8%,14%,9%,2%,-3%,14%,12%,-2%,34%
04-Mar-20,"44,550",59,806,"11,279","18,993",894,871,"6,488","5,036",124,"41,266",67,862,"10,100","17,277",870,947,"6,414","4,589",140,-6%,14%,7%,-10%,-9%,-3%,9%,-1%,-9%,13%
05-Mar-20,"41,358",58,936,"10,408","17,406",838,857,"5,966","4,785",104,"40,395",63,884,"10,300","16,537",870,926,"6,185","4,526",104,-3%,9%,-6%,-1%,-5%,4%,8%,4%,-5%,0%
06-Mar-20,"40,833",66,882,"10,292","17,232",817,844,"6,075","4,532",93,"40,546",70,888,"10,185","16,664",840,898,"6,229","4,638",134,-1%,6%,1%,-1%,-3%,3%,6%,3%,2%,44%
07-Mar-20,"40,788",73,827,"10,209","17,175",845,839,"6,151","4,561",108,"36,940",70,753,"8,931","15,448",826,895,"5,611","4,289",117,-8%,-4%,-9%,-13%,-10%,-2%,7%,-9%,-6%,8%
08-Mar-20,"41,315",69,794,"10,348","17,500",896,888,"6,164","4,542",114,"36,980",68,773,"8,723","15,636",836,877,"5,702","4,254",111,-9%,-1%,-3%,-16%,-11%,-7%,-1%,-7%,-6%,-3%
09-Mar-20,"39,820",83,819,"9,568","16,771",832,866,"6,133","4,641",107,"43,215",79,908,"10,639","18,446",891,950,"6,517","4,659",126,8%,-5%,11%,11%,10%,7%,10%,6%,0%,18%
10-Mar-20,"38,924",81,832,"8,810","16,327",814,876,"6,158","4,926",100,"40,364",68,841,"9,913","17,144",942,865,"6,048","4,430",113,1%,-16%,1%,13%,5%,16%,-1%,-2%,-10%,13%
11-Mar-20,"45,713",85,914,"11,229","19,294",963,956,"7,049","5,123",100,"40,585",66,872,"10,110","17,185",995,881,"5,954","4,412",110,-12%,-22%,-5%,-10%,-11%,3%,-8%,-16%,-14%,10%
12-Mar-20,"43,593",83,922,"11,174","18,148",947,869,"6,553","4,803",94,"40,841",66,743,"10,207","17,386","1,030",869,"5,845","4,566",129,-6%,-20%,-19%,-9%,-4%,9%,0%,-11%,-5%,37%
13-Mar-20,"42,754",89,930,"10,954","17,683",896,896,"6,401","4,812",93,"37,601",60,700,"9,161","16,193",894,766,"5,267","4,452",108,-11%,-33%,-25%,-16%,-8%,0%,-15%,-18%,-7%,16%
14-Mar-20,"42,459",74,869,"10,736","17,723",879,891,"6,489","4,697",101,"32,811",60,648,"7,872","13,987",755,717,"4,814","3,867",91,-21%,-19%,-25%,-27%,-21%,-14%,-20%,-26%,-18%,-10%
15-Mar-20,"43,077",76,864,"10,910","17,845",908,872,"6,605","4,876",121,"32,224",51,716,"7,665","13,462",749,790,"4,817","3,894",80,-24%,-33%,-17%,-30%,-25%,-18%,-9%,-27%,-20%,-34%
16-Mar-20,"40,138",61,834,"9,442","16,799",832,881,"6,318","4,890",81,"33,438",46,660,"8,300","14,034",781,726,"4,951","3,843",97,-18%,-25%,-21%,-12%,-16%,-6%,-18%,-22%,-21%,20%
17-Mar-20,"42,101",68,837,"9,816","17,627",899,917,"6,690","5,148",99,"30,364",40,608,"7,535","12,864",748,611,"4,449","3,420",89,-29%,-41%,-27%,-23%,-27%,-17%,-33%,-33%,-34%,-10%
18-Mar-20,"46,530",87,890,"11,585","19,681",964,959,"6,993","5,259",112,"28,600",48,584,"7,004","12,170",634,579,"4,191","3,292",98,-38%,-45%,-34%,-40%,-38%,-34%,-40%,-40%,-37%,-13%
19-Mar-20,"43,654",75,818,"10,928","18,651",883,839,"6,534","4,833",93,"26,756",45,512,"6,504","11,532",643,543,"3,910","2,998",69,-38%,-40%,-37%,-40%,-38%,-27%,-35%,-40%,-38%,-26%
20-Mar-20,"42,554",82,778,"10,669","18,075",848,831,"6,337","4,836",98,"26,271",37,534,"6,261","11,281",662,508,"3,963","2,962",63,-37%,-55%,-31%,-41%,-38%,-22%,-39%,-37%,-39%,-36%
21-Mar-20,"42,430",79,755,"10,394","18,236",869,883,"6,371","4,746",97,"24,064",43,505,"5,795","10,122",632,550,"3,733","2,612",72,-43%,-46%,-33%,-44%,-44%,-27%,-38%,-41%,-45%,-26%
22-Mar-20,"42,384",84,755,"10,461","17,853",884,852,"6,525","4,872",98,"22,614",44,485,"5,476","9,417",608,499,"3,575","2,464",46,-46%,-48%,-36%,-48%,-47%,-31%,-41%,-45%,-49%,-53%
23-Mar-20,"39,441",78,746,"9,182","16,550",834,897,"6,313","4,754",87,"24,675",43,512,"6,270","10,472",663,457,"3,750","2,454",54,-39%,-45%,-31%,-32%,-37%,-21%,-49%,-41%,-48%,-38%
24-Mar-20,"41,260",67,822,"9,615","17,616",852,934,"6,304","4,961",89,"22,687",38,414,"5,589","9,676",599,507,"3,423","2,394",47,-46%,-43%,-50%,-42%,-45%,-30%,-46%,-46%,-52%,-47%
25-Mar-20,"45,324",77,851,"11,447","19,258",919,931,"6,684","5,032",125,"22,554",39,493,"5,327","9,727",579,451,"3,397","2,482",59,-49%,-49%,-42%,-53%,-49%,-37%,-52%,-49%,-51%,-53%
26-Mar-20,"42,217",65,751,"10,578","18,146",830,872,"6,194","4,671",110,"22,122",34,417,"5,300","9,514",657,459,"3,283","2,390",68,-47%,-48%,-44%,-50%,-48%,-21%,-47%,-47%,-49%,-38%
27-Mar-20,"41,700",61,753,"10,704","17,818",810,866,"6,020","4,568",100,"22,000",43,442,"5,455","9,230",578,456,"3,369","2,378",49,-47%,-30%,-41%,-49%,-48%,-29%,-47%,-44%,-48%,-51%
28-Mar-20,"41,582",75,770,"10,400","17,722",852,819,"6,180","4,644",120,"20,874",39,440,"5,047","8,643",559,482,"3,295","2,316",53,-49%,-48%,-43%,-51%,-51%,-34%,-41%,-47%,-50%,-56%
29-Mar-20,"42,019",71,833,"10,590","17,910",873,831,"6,157","4,658",96,"19,863",42,419,"4,731","8,156",500,449,"3,185","2,348",33,-52%,-41%,-50%,-55%,-54%,-43%,-46%,-48%,-50%,-66%
30-Mar-20,"39,396",65,721,"9,265","16,686",876,868,"6,179","4,623",113,"21,956",40,445,"5,473","9,090",578,495,"3,330","2,447",58,-45%,-38%,-38%,-41%,-46%,-34%,-43%,-46%,-47%,-49%
31-Mar-20,"40,796",68,795,"9,716","17,035",893,924,"6,418","4,858",89,"20,383",23,424,"5,182","8,361",537,459,"3,046","2,298",53,-51%,-66%,-47%,-47%,-51%,-40%,-50%,-53%,-53%,-40%
01-Apr-20,"45,481",81,861,"11,503","19,330",940,909,"6,768","4,983",106,"20,157",34,459,"5,066","8,382",519,434,"3,027","2,186",50,-56%,-58%,-47%,-56%,-57%,-45%,-52%,-55%,-56%,-53%
02-Apr-20,"43,010",61,758,"10,907","18,130",905,853,"6,535","4,754",107,"19,838",23,423,"4,977","8,217",435,452,"2,994","2,267",50,-54%,-62%,-44%,-54%,-55%,-52%,-47%,-54%,-52%,-53%
03-Apr-20,"42,011",61,748,"10,697","17,776",884,835,"6,441","4,462",107,"19,915",42,473,"5,147","8,039",412,450,"3,076","2,231",45,-53%,-31%,-37%,-52%,-55%,-53%,-46%,-52%,-50%,-58%
04-Apr-20,"41,146",58,779,"10,033","17,602",817,826,"6,330","4,592",109,"18,809",22,381,"4,734","7,532",398,423,"3,056","2,208",55,-55%,-62%,-51%,-53%,-57%,-51%,-49%,-52%,-52%,-50%
05-Apr-20,"41,863",62,770,"10,494","17,837",882,865,"6,270","4,592",91,"18,722",29,385,"4,628","7,544",433,487,"2,968","2,205",43,-55%,-53%,-50%,-56%,-58%,-51%,-44%,-53%,-52%,-53%
06-Apr-20,"39,553",65,762,"9,292","16,922",836,863,"6,325","4,393",95,"21,088",35,476,"5,176","8,585",524,485,"3,300","2,455",52,-47%,-46%,-38%,-44%,-49%,-37%,-44%,-48%,-44%,-45%
07-Apr-20,"41,211",67,791,"9,751","17,707",864,974,"6,285","4,682",90,"20,291",36,406,"5,099","8,249",494,420,"3,195","2,336",56,-52%,-46%,-49%,-48%,-53%,-43%,-57%,-49%,-50%,-38%
08-Apr-20,"45,469",74,786,"11,231","19,709",937,969,"6,899","4,748",116,"20,404",36,422,"4,959","8,408",475,434,"3,207","2,403",60,-55%,-51%,-46%,-56%,-57%,-49%,-55%,-54%,-49%,-48%
09-Apr-20,"42,861",69,736,"10,683","18,273",918,932,"6,618","4,524",108,"20,817",37,430,"4,953","8,455",479,477,"3,392","2,527",67,-51%,-46%,-42%,-54%,-54%,-48%,-49%,-49%,-44%,-38%
10-Apr-20,"42,134",63,774,"10,735","17,910",860,899,"6,357","4,430",106,"20,272",22,413,"4,999","7,952",505,509,"3,297","2,521",54,-51%,-65%,-47%,-53%,-56%,-41%,-43%,-48%,-43%,-49%
11-Apr-20,"40,899",67,821,"10,462","17,233",861,870,"6,261","4,232",92,"20,401",52,448,"4,872","8,157",522,501,"3,300","2,486",63,-49%,-22%,-45%,-53%,-53%,-39%,-42%,-47%,-41%,-32%
12-Apr-20,"42,464",75,784,"10,817","17,988",871,934,"6,418","4,472",105,"19,769",35,404,"4,810","7,897",524,483,"3,140","2,424",52,-53%,-53%,-48%,-56%,-56%,-40%,-48%,-51%,-46%,-50%
13-Apr-20,"39,960",63,772,"9,475","17,200",860,939,"6,186","4,363",102,"21,886",36,450,"5,469","8,814",493,492,"3,566","2,504",62,-46%,-43%,-42%,-42%,-49%,-43%,-48%,-42%,-43%,-39%
14-Apr-20,"40,437",65,769,"9,719","16,892",869,971,"6,489","4,565",98,"22,257",38,451,"5,938","8,675",541,493,"3,499","2,557",65,-47%,-42%,-41%,-39%,-49%,-38%,-49%,-46%,-44%,-34%
15-Apr-20,"45,597",67,891,"11,704","19,171",862,932,"6,975","4,867",128,"21,539",42,453,"5,623","8,544",524,534,"3,305","2,461",53,-53%,-37%,-49%,-52%,-55%,-39%,-43%,-53%,-49%,-59%
16-Apr-20,"42,507",61,804,"10,872","17,902",931,922,"6,432","4,447",136,"21,709",40,477,"5,354","8,432",530,540,"3,536","2,732",68,-48%,-34%,-41%,-51%,-53%,-43%,-41%,-45%,-39%,-50%
17-Apr-20,"42,146",58,705,"10,686","18,004",882,889,"6,369","4,441",112,"22,623",42,476,"5,653","8,922",573,563,"3,596","2,748",50,-46%,-28%,-32%,-47%,-50%,-35%,-37%,-44%,-38%,-55%
18-Apr-20,"42,144",59,781,"10,493","18,100",896,833,"6,533","4,340",109,"21,607",42,459,"5,314","8,568",526,514,"3,426","2,697",61,-49%,-29%,-41%,-49%,-53%,-41%,-38%,-48%,-38%,-44%
19-Apr-20,"40,750",57,736,"9,880","17,193",941,"1,021","6,315","4,516",91,"20,712",47,420,"5,029","7,985",549,555,"3,540","2,548",39,-49%,-18%,-43%,-49%,-54%,-42%,-46%,-44%,-44%,-57%
20-Apr-20,"40,363",57,788,"9,258","17,270",905,951,"6,605","4,455",74,"24,653",37,478,"6,081","9,873",631,591,"3,975","2,926",61,-40%,-35%,-39%,-34%,-43%,-30%,-38%,-40%,-34%,-18%
21-Apr-20,"40,222",71,776,"9,400","17,104",932,915,"6,224","4,709",91,"23,238",49,478,"5,665","9,148",560,607,"3,768","2,904",59,-43%,-31%,-38%,-40%,-47%,-40%,-34%,-39%,-38%,-35%
22-Apr-20,"45,091",84,855,"11,231","19,050",956,954,"7,012","4,844",105,"23,185",46,455,"5,586","9,240",602,564,"3,740","2,877",75,-48%,-45%,-47%,-50%,-51%,-37%,-41%,-47%,-41%,-29%
23-Apr-20,"44,624",72,793,"11,660","18,627",925,974,"6,791","4,677",105,"23,665",42,512,"5,623","9,567",620,587,"3,684","2,955",75,-45%,-42%,-35%,-52%,-49%,-33%,-40%,-46%,-37%,-29%
24-Apr-20,"42,766",69,818,"10,805","18,364",809,878,"6,360","4,552",111,"24,716",50,464,"5,899","10,025",617,592,"3,886","3,123",60,-41%,-28%,-43%,-45%,-45%,-24%,-33%,-39%,-31%,-46%
25-Apr-20,"42,214",63,804,"10,741","18,197",874,787,"6,180","4,457",111,"23,410",46,480,"5,496","9,374",587,593,"3,797","2,985",52,-43%,-27%,-40%,-49%,-48%,-33%,-25%,-39%,-33%,-53%
26-Apr-20,"41,856",63,761,"10,538","17,682",878,846,"6,478","4,506",104,"22,829",45,495,"5,496","8,922",599,605,"3,673","2,934",60,-45%,-29%,-35%,-48%,-50%,-32%,-28%,-43%,-35%,-42%
27-Apr-20,"38,678",63,692,"9,329","16,451",846,862,"5,873","4,469",93,"26,687",47,521,"6,483","10,901",642,698,"4,068","3,258",69,-31%,-25%,-25%,-31%,-34%,-24%,-19%,-31%,-27%,-26%
28-Apr-20,"40,237",63,753,"9,635","17,243",899,878,"6,097","4,552",117,"25,567",39,487,"6,364","10,343",622,641,"3,852","3,139",80,-37%,-38%,-35%,-34%,-40%,-31%,-27%,-37%,-31%,-32%
29-Apr-20,"44,504",61,818,"11,381","18,835",906,865,"6,694","4,835",109,"25,177",53,530,"6,143","9,982",578,610,"3,996","3,214",71,-43%,-13%,-35%,-46%,-47%,-36%,-29%,-40%,-34%,-35%
30-Apr-20,"41,460",54,785,"10,405","17,617",884,889,"6,163","4,543",120,"25,777",49,529,"6,027","10,521",707,660,"4,020","3,199",65,-36%,-9%,-33%,-42%,-40%,-20%,-26%,-35%,-30%,-46%
01-May-20,"40,877",62,716,"10,169","17,327",906,825,"6,190","4,570",112,"26,627",56,565,"6,282","10,997",697,638,"3,971","3,343",78,-34%,-10%,-21%,-38%,-37%,-23%,-23%,-36%,-27%,-30%
02-May-20,"41,605",63,758,"10,206","17,714",888,893,"6,315","4,657",111,"25,217",37,582,"5,736","10,193",625,650,"4,206","3,123",65,-38%,-41%,-23%,-44%,-42%,-30%,-27%,-33%,-33%,-41%
03-May-20,"41,520",51,767,"10,271","17,706",873,854,"6,353","4,527",118,"24,926",51,541,"5,687","10,265",665,639,"3,941","3,075",62,-38%,0%,-29%,-45%,-42%,-24%,-25%,-38%,-32%,-47%
04-May-20,"39,158",56,713,"9,417","16,582",912,917,"6,008","4,460",93,"28,505",51,628,"6,803","11,916",715,697,"4,249","3,361",85,-27%,-9%,-12%,-28%,-28%,-22%,-24%,-29%,-25%,-9%
05-May-20,"41,025",63,777,"9,666","17,518",899,901,"6,297","4,781",123,"27,057",52,611,"6,327","11,144",701,649,"4,134","3,361",78,-34%,-17%,-21%,-35%,-36%,-22%,-28%,-34%,-30%,-37%
06-May-20,"45,867",62,812,"11,778","19,512",944,944,"6,851","4,814",150,"26,787",40,606,"6,429","11,025",658,600,"4,049","3,289",91,-40%,-35%,-25%,-45%,-43%,-30%,-36%,-41%,-32%,-39%
07-May-20,"42,885",63,782,"11,097","18,097",870,861,"6,415","4,567",133,"26,621",48,609,"6,255","11,005",652,566,"4,041","3,376",69,-36%,-24%,-22%,-44%,-39%,-25%,-34%,-37%,-26%,-48%
08-May-20,"41,915",71,786,"10,514","17,732",894,910,"6,366","4,513",129,"26,900",37,627,"6,317","10,879",724,647,"4,190","3,394",85,-34%,-48%,-20%,-40%,-39%,-19%,-29%,-34%,-25%,-34%
09-May-20,"41,830",58,730,"10,352","17,639",901,905,"6,422","4,694",129,"24,925",33,565,"5,735","9,869",648,629,"4,023","3,332",91,-39%,-43%,-23%,-45%,-44%,-28%,-30%,-37%,-29%,-29%
10-May-20,"41,715",69,782,"10,372","17,491",906,826,"6,529","4,623",117,"23,547",40,542,"5,473","9,246",622,551,"3,742","3,253",78,-42%,-42%,-31%,-47%,-47%,-31%,-33%,-43%,-30%,-33%
11-May-20,"39,387",75,739,"9,276","16,635",778,853,"6,266","4,653",112,"28,963",55,683,"6,852","11,824",672,645,"4,285","3,859",88,-27%,-27%,-8%,-26%,-29%,-14%,-24%,-32%,-17%,-21%
12-May-20,"39,618",53,746,"9,422","16,458",839,865,"6,447","4,686",102,"27,440",49,630,"6,351","11,142",622,658,"4,313","3,613",62,-30%,-8%,-16%,-33%,-32%,-26%,-24%,-33%,-23%,-39%
13-May-20,"45,923",58,903,"11,776","19,160",904,939,"7,140","4,932",111,"27,512",58,623,"6,559","11,275",659,614,"4,219","3,429",76,-39%,0%,-31%,-44%,-41%,-27%,-35%,-41%,-30%,-32%
14-May-20,"42,588",76,777,"10,591","18,028",870,889,"6,693","4,553",111,"27,822",48,616,"6,578","11,335",626,642,"4,346","3,550",81,-34%,-37%,-21%,-38%,-37%,-28%,-28%,-35%,-22%,-27%
15-May-20,"41,945",74,792,"10,674","17,754",818,824,"6,466","4,421",122,"28,429",58,617,"6,614","11,643",690,698,"4,428","3,587",94,-30%,-22%,-22%,-38%,-34%,-16%,-15%,-32%,-19%,-23%
16-May-20,"41,580",52,767,"10,387","17,724",894,847,"6,236","4,554",119,"27,198",48,591,"6,207","11,052",671,719,"4,523","3,304",83,-33%,-8%,-23%,-40%,-38%,-25%,-15%,-27%,-27%,-30%
17-May-20,"41,834",59,752,"10,621","17,901",908,891,"6,202","4,386",114,"28,090",52,655,"6,224","11,370",730,697,"4,837","3,457",68,-30%,-12%,-13%,-41%,-36%,-20%,-22%,-22%,-21%,-40%
18-May-20,"39,353",65,724,"9,358","16,960",850,871,"6,063","4,356",106,"28,971",64,692,"6,941","11,268",768,790,"4,795","3,553",100,-27%,-2%,-4%,-26%,-34%,-10%,-9%,-21%,-18%,-6%
19-May-20,"41,888",65,815,"9,931","17,761",873,962,"6,606","4,760",115,"31,564",55,710,"7,251","13,135",818,733,"4,967","3,802",93,-24%,-15%,-13%,-27%,-26%,-6%,-24%,-25%,-20%,-19%
20-May-20,"44,420",69,844,"10,852","19,020",928,997,"6,884","4,718",108,"29,512",57,660,"6,966","12,256",757,653,"4,473","3,592",98,-33%,-17%,-22%,-36%,-36%,-18%,-35%,-35%,-24%,-9%
21-May-20,"46,245",60,863,"11,446","20,047",911,974,"6,926","4,884",134,"29,385",56,710,"6,978","12,403",753,685,"4,304","3,404",92,-36%,-7%,-18%,-39%,-38%,-17%,-30%,-38%,-30%,-31%
22-May-20,"43,117",57,842,"10,615","18,504",905,892,"6,679","4,486",137,"30,570",59,706,"7,179","12,931",750,749,"4,491","3,628",77,-28%,4%,-16%,-32%,-30%,-17%,-16%,-33%,-19%,-44%
23-May-20,"42,725",67,860,"10,495","18,239",915,885,"6,462","4,696",106,"28,796",56,653,"6,489","12,068",753,695,"4,569","3,425",88,-31%,-16%,-24%,-38%,-34%,-18%,-21%,-29%,-27%,-17%
24-May-20,"42,305",65,829,"10,438","18,137",846,903,"6,350","4,607",130,"28,956",39,620,"6,586","12,276",712,697,"4,548","3,403",75,-30%,-40%,-25%,-37%,-32%,-16%,-23%,-28%,-26%,-42%
25-May-20,"38,921",56,757,"9,215","16,605",893,890,"6,110","4,281",114,"33,962",55,751,"7,943","14,835",816,790,"4,950","3,741",81,-12%,-2%,-1%,-14%,-11%,-9%,-11%,-19%,-13%,-29%
26-May-20,"41,592",66,795,"10,019","17,788",810,927,"6,388","4,709",90,"31,568",54,689,"7,220","13,641",808,710,"4,727","3,628",91,-23%,-18%,-13%,-28%,-23%,0%,-23%,-26%,-23%,1%
27-May-20,"46,621",73,929,"11,480","20,179",957,939,"6,948","4,985",131,"31,182",52,690,"7,265","13,273",800,706,"4,639","3,680",77,-32%,-29%,-26%,-37%,-34%,-16%,-25%,-33%,-26%,-41%
28-May-20,"43,109",56,846,"10,687","18,415",898,941,"6,528","4,609",129,"31,571",54,709,"7,473","13,432",723,713,"4,626","3,739",102,-26%,-4%,-16%,-30%,-27%,-19%,-24%,-29%,-19%,-21%
29-May-20,"42,601",71,839,"10,471","18,247",884,897,"6,566","4,518",108,"32,120",53,783,"7,717","13,359",732,758,"4,798","3,834",86,-24%,-25%,-7%,-26%,-27%,-17%,-15%,-27%,-15%,-20%
30-May-20,"41,956",49,770,"10,355","17,816",948,894,"6,386","4,616",122,"30,044",56,667,"6,754","12,601",694,701,"4,905","3,582",84,-26%,14%,-13%,-35%,-29%,-27%,-22%,-23%,-22%,-31%
31-May-20,"41,885",71,772,"9,971","17,971",832,925,"6,538","4,684",121,"29,462",41,687,"6,670","12,254",702,702,"4,747","3,581",78,-29%,-42%,-11%,-33%,-32%,-16%,-24%,-27%,-24%,-36%
01-Jun-20,"39,617",67,786,"8,857","16,874",931,942,"6,386","4,664",110,"33,426",38,736,"7,772","14,383",818,768,"4,949","3,879",83,-17%,-43%,-6%,-12%,-15%,-12%,-18%,-23%,-17%,-25%
02-Jun-20,"41,452",71,784,"9,405","17,830",874,910,"6,663","4,822",93,"32,343",47,703,"7,549","13,670",814,776,"4,963","3,733",88,-23%,-34%,-10%,-20%,-23%,-7%,-15%,-26%,-23%,-5%
03-Jun-20,"45,948",67,891,"10,944","19,868",956,930,"7,229","4,965",98,"31,971",61,643,"7,504","13,548",754,807,"4,863","3,687",104,-30%,-9%,-28%,-31%,-32%,-21%,-13%,-33%,-26%,6%
04-Jun-20,"42,742",69,837,"10,387","18,234",929,888,"6,638","4,649",111,"32,324",64,702,"7,498","13,930",760,732,"4,779","3,782",77,-23%,-7%,-16%,-28%,-24%,-18%,-18%,-28%,-19%,-31%
05-Jun-20,"41,949",75,826,"10,213","17,791",829,926,"6,548","4,630",111,"32,646",54,716,"7,687","13,873",796,735,"4,943","3,729",113,-21%,-28%,-13%,-25%,-22%,-4%,-21%,-25%,-19%,2%
06-Jun-20,"41,845",66,755,"10,064","18,079",921,890,"6,381","4,579",110,"30,646",51,695,"7,001","12,862",725,686,"4,818","3,721",87,-26%,-23%,-8%,-30%,-29%,-21%,-23%,-24%,-19%,-21%
07-Jun-20,"41,014",60,740,"10,167","17,613",910,894,"6,089","4,433",108,"30,445",55,710,"7,075","12,890",735,742,"4,434","3,725",79,-24%,-8%,-4%,-30%,-27%,-19%,-17%,-27%,-16%,-27%
08-Jun-20,"39,632",75,780,"9,113","17,275",849,917,"6,144","4,382",97,"34,872",49,771,"8,384","15,095",828,752,"4,996","3,899",98,-13%,-35%,-1%,-8%,-13%,-2%,-18%,-19%,-11%,1%
09-Jun-20,"42,242",68,868,"9,845","18,557",963,842,"6,359","4,636",104,"32,820",47,732,"7,705","14,153",795,730,"4,971","3,578",109,-22%,-31%,-16%,-22%,-24%,-17%,-13%,-22%,-23%,5%
10-Jun-20,"46,182",79,884,"11,705","19,759",965,907,"6,909","4,836",138,"32,425",54,732,"7,463","13,797",761,740,"4,933","3,843",102,-28%,-32%,-17%,-36%,-30%,-21%,-18%,-29%,-21%,-26%
11-Jun-20,"43,278",65,868,"10,586","18,666",924,835,"6,563","4,649",122,"32,639",52,701,"7,743","13,672",824,740,"4,965","3,843",99,-24%,-20%,-19%,-27%,-27%,-11%,-11%,-24%,-17%,-19%
12-Jun-20,"42,664",65,840,"10,236","18,717",854,902,"6,304","4,604",142,"32,763",64,678,"7,493","13,968",822,741,"5,128","3,784",85,-22%,-2%,-19%,-27%,-25%,-4%,-18%,-19%,-18%,-40%
13-Jun-20,"41,810",49,822,"10,261","17,856",869,839,"6,441","4,566",107,"30,904",67,676,"6,798","13,011",765,823,"4,983","3,699",82,-24%,37%,-18%,-34%,-27%,-12%,-2%,-23%,-19%,-23%
14-Jun-20,"42,309",67,813,"10,254","18,200",844,901,"6,480","4,614",136,"31,134",44,692,"7,017","13,003",812,788,"5,020","3,678",80,-25%,-34%,-15%,-32%,-29%,-4%,-13%,-23%,-20%,-41%
15-Jun-20,"39,567",54,761,"8,841","17,166",870,855,"6,409","4,490",121,"35,539",51,798,"8,424","15,236",877,833,"5,317","3,909",94,-12%,-6%,5%,-5%,-11%,1%,-3%,-17%,-13%,-22%
16-Jun-20,"40,716",56,820,"9,149","17,522",896,910,"6,461","4,791",111,"33,553",59,714,"7,788","14,265",852,782,"4,983","4,011",99,-18%,5%,-13%,-15%,-19%,-5%,-14%,-23%,-16%,-11%
17-Jun-20,"46,519",61,885,"11,218","20,247",916,899,"7,064","5,081",148,"33,310",56,670,"7,858","14,289",799,732,"4,831","3,987",88,-28%,-8%,-24%,-30%,-29%,-13%,-19%,-32%,-22%,-41%
18-Jun-20,"42,998",71,817,"10,200","18,821",852,829,"6,610","4,673",125,"33,729",51,703,"7,950","14,367",809,781,"5,054","3,917",97,-21%,-28%,-14%,-22%,-24%,-5%,-6%,-24%,-16%,-22%
19-Jun-20,"42,410",56,828,"10,292","18,704",845,839,"6,165","4,558",123,"33,956",46,752,"8,066","14,371",798,756,"5,015","4,045",107,-19%,-18%,-9%,-22%,-23%,-6%,-10%,-19%,-11%,-13%
20-Jun-20,"40,927",59,827,"9,928","17,834",842,841,"5,991","4,479",126,"31,864",42,729,"7,229","13,410",745,751,"5,043","3,821",94,-21%,-29%,-12%,-27%,-25%,-12%,-11%,-16%,-15%,-25%
21-Jun-20,"41,366",63,741,"10,110","18,068",831,820,"6,195","4,415",123,"31,852",56,720,"7,304","13,334",761,743,"4,989","3,855",90,-21%,-11%,-3%,-28%,-26%,-8%,-9%,-19%,-13%,-27%
22-Jun-20,"39,462",68,719,"9,458","16,964",813,877,"6,062","4,366",135,"38,519",68,829,"9,071","16,861",849,876,"5,678","4,200",87,-2%,0%,15%,-4%,-1%,4%,0%,-6%,-4%,-36%
23-Jun-20,"41,718",63,849,"9,926","17,869",874,905,"6,451","4,652",129,"35,556",53,807,"8,495","15,222",823,812,"5,281","3,962",101,-15%,-16%,-5%,-14%,-15%,-6%,-10%,-18%,-15%,-22%
24-Jun-20,"45,128",69,896,"10,362","20,201",953,937,"6,837","4,734",139,"34,814",60,811,"7,987","15,100",833,812,"5,110","3,990",111,-23%,-13%,-9%,-23%,-25%,-13%,-13%,-25%,-16%,-20%
25-Jun-20,"43,494",84,791,"11,185","18,556",873,829,"6,545","4,510",121,"35,749",54,734,"8,787","15,185",818,815,"5,198","4,056",102,-17%,-36%,-7%,-21%,-18%,-6%,-2%,-21%,-10%,-16%
26-Jun-20,"42,150",76,823,"10,572","18,019",862,852,"6,319","4,498",129,"35,792",66,784,"8,459","15,380",813,772,"5,290","4,124",104,-13%,-13%,-5%,-20%,-15%,-6%,-9%,-16%,-8%,-19%
27-Jun-20,"41,382",61,796,"10,334","17,831",843,888,"6,145","4,372",112,"33,476",52,741,"7,928","14,272",802,779,"4,960","3,853",89,-18%,-15%,-7%,-23%,-20%,-5%,-12%,-19%,-12%,-21%
28-Jun-20,"41,774",70,753,"10,087","18,181",858,916,"6,440","4,349",120,"33,426",60,760,"7,663","14,227",825,803,"5,032","3,986",70,-19%,-14%,1%,-24%,-22%,-4%,-12%,-22%,-8%,-42%
29-Jun-20,"41,037",71,754,"9,370","18,069",851,877,"6,406","4,521",118,"38,004",68,866,"8,865","16,560",979,854,"5,349","4,352",111,-8%,-4%,15%,-5%,-8%,15%,-3%,-17%,-4%,-6%
30-Jun-20,"43,135",76,840,"9,881","18,886",911,925,"6,701","4,784",131,"35,913",51,811,"8,624","15,410",930,812,"5,090","4,058",127,-18%,-33%,-3%,-13%,-18%,2%,-12%,-24%,-15%,-3%
01-Jul-20,"43,034",61,822,"10,262","18,735",896,924,"6,477","4,729",128,"33,272",51,759,"8,160","13,902",909,774,"4,939","3,676",102,-23%,-16%,-8%,-20%,-26%,1%,-16%,-24%,-22%,-20%
02-Jul-20,"47,520",82,910,"11,468","21,006","1,006",916,"6,953","5,011",168,"36,749",63,832,"8,621","16,031",939,852,"5,340","3,971",100,-22%,-23%,-9%,-25%,-24%,-7%,-7%,-23%,-21%,-40%
03-Jul-20,"43,472",74,852,"10,535","18,978",915,865,"6,439","4,680",134,"35,908",59,797,"8,551","15,501",901,814,"5,319","3,859",107,-17%,-20%,-6%,-19%,-18%,-2%,-6%,-17%,-18%,-20%
04-Jul-20,"42,298",75,841,"10,258","18,533",859,883,"6,155","4,540",154,"33,756",46,711,"7,578","14,631",881,825,"5,158","3,831",95,-18%,-39%,-15%,-26%,-21%,3%,-7%,-16%,-16%,-38%
05-Jul-20,"42,455",61,796,"10,265","18,458",854,882,"6,357","4,634",148,"34,675",61,769,"7,892","14,933",893,836,"5,266","3,930",95,-17%,0%,-3%,-23%,-19%,5%,-5%,-17%,-15%,-36%
06-Jul-20,"40,524",74,745,"9,408","17,694",896,904,"6,191","4,488",124,"39,205",59,776,"9,434","17,020",919,863,"5,716","4,309",109,-4%,-20%,4%,0%,-4%,3%,-5%,-8%,-4%,-12%
07-Jul-20,"42,035",67,883,"9,732","18,508",881,931,"6,273","4,636",124,"36,307",64,793,"8,702","15,550",929,813,"5,264","4,085",107,-15%,-4%,-10%,-11%,-16%,5%,-13%,-16%,-12%,-14%
08-Jul-20,"46,682",78,962,"11,577","20,454",922,940,"6,777","4,835",137,"35,639",56,758,"8,678","15,337",901,752,"5,010","4,055",92,-23%,-28%,-21%,-25%,-25%,-2%,-20%,-26%,-16%,-33%
09-Jul-20,"43,420",74,906,"10,857","18,658",870,853,"6,437","4,644",121,"35,698",50,785,"8,558","15,346",858,841,"5,112","4,046",102,-17%,-32%,-13%,-21%,-18%,-1%,-1%,-21%,-13%,-16%
10-Jul-20,"42,036",68,838,"10,353","18,214",854,882,"6,230","4,467",130,"36,010",69,724,"8,529","15,484",867,835,"5,261","4,135",106,-13%,1%,-14%,-18%,-15%,2%,-5%,-16%,-7%,-18%
11-Jul-20,"41,661",66,828,"10,133","17,967",840,878,"6,287","4,530",132,"33,940",69,683,"7,749","14,610",852,866,"5,172","3,825",114,-17%,5%,-18%,-24%,-19%,1%,-1%,-18%,-16%,-14%
12-Jul-20,"42,262",69,805,"10,528","18,138",882,846,"6,267","4,608",119,"34,596",72,764,"8,073","14,653",898,884,"5,185","3,977",90,-16%,4%,-5%,-23%,-19%,2%,4%,-17%,-14%,-24%
13-Jul-20,"40,196",64,780,"9,280","17,258",857,864,"6,449","4,531",113,"39,164",70,862,"9,762","16,863",910,837,"5,425","4,326",109,-5%,9%,11%,5%,-2%,6%,-3%,-16%,-5%,-4%
14-Jul-20,"41,269",69,837,"9,498","17,828",866,938,"6,369","4,745",119,"36,937",65,760,"9,001","15,856",866,780,"5,359","4,138",112,-12%,-6%,-9%,-5%,-11%,0%,-17%,-16%,-13%,-6%
15-Jul-20,"46,057",75,906,"11,489","19,809",900,954,"6,801","4,970",153,"36,377",52,731,"8,960","15,524",842,805,"5,254","4,094",115,-21%,-31%,-19%,-22%,-22%,-6%,-16%,-23%,-18%,-25%
16-Jul-20,"43,040",66,827,"10,660","18,482",829,889,"6,473","4,688",126,"36,175",64,727,"8,641","15,540",900,851,"5,201","4,146",105,-15%,-3%,-12%,-19%,-16%,9%,-4%,-20%,-12%,-17%
17-Jul-20,"42,009",75,803,"10,531","17,873",824,855,"6,364","4,569",115,"36,146",56,787,"8,372","15,752",842,840,"5,194","4,199",104,-12%,-25%,-2%,-21%,-12%,2%,-2%,-18%,-8%,-10%
18-Jul-20,"41,190",66,831,"10,154","17,775",821,876,"6,033","4,536",98,"33,809",65,669,"7,755","14,432",838,847,"5,136","3,962",105,-16%,-2%,-19%,-24%,-19%,2%,-3%,-15%,-13%,7%
19-Jul-20,"41,260",64,794,"10,340","17,771",906,815,"6,065","4,381",124,"34,412",55,760,"8,016","14,544",845,831,"5,069","4,203",89,-15%,-14%,-4%,-22%,-18%,-7%,2%,-16%,-4%,-28%
20-Jul-20,"39,160",70,803,"9,158","16,949",842,872,"5,913","4,428",125,"39,314",61,852,"9,409","17,168",900,792,"5,541","4,472",119,0%,-13%,6%,3%,1%,7%,-9%,-6%,1%,-5%
21-Jul-20,"41,278",80,883,"9,764","18,034",872,852,"6,111","4,545",137,"37,085",73,753,"8,977","16,024",895,775,"5,333","4,149",106,-11%,-9%,-15%,-8%,-11%,3%,-9%,-13%,-9%,-23%
22-Jul-20,"46,268",78,965,"11,474","20,218",933,907,"6,680","4,886",127,"36,753",73,755,"8,848","15,736",880,858,"5,369","4,128",106,-20%,-6%,-22%,-23%,-22%,-6%,-5%,-20%,-16%,-17%
23-Jul-20,"42,794",79,837,"10,490","18,319",927,883,"6,501","4,620",138,"36,297",67,754,"8,818","15,534",881,830,"5,243","4,068",102,-15%,-15%,-10%,-16%,-15%,-5%,-6%,-19%,-12%,-26%
24-Jul-20,"42,113",74,892,"10,330","18,255",883,821,"6,186","4,536",136,"36,396",61,734,"8,781","15,735",859,825,"5,288","3,988",125,-13%,-18%,-18%,-15%,-14%,-3%,0%,-15%,-12%,-8%
25-Jul-20,"41,658",80,863,"10,410","17,928",848,815,"5,984","4,624",106,"34,323",68,723,"8,017","14,829",818,801,"5,118","3,853",96,-16%,-15%,-16%,-23%,-17%,-4%,-2%,-14%,-17%,-9%
26-Jul-20,"41,580",59,846,"10,354","17,790",857,821,"6,151","4,582",120,"34,677",55,747,"8,195","14,750",874,846,"5,088","4,022",100,-15%,-7%,-12%,-21%,-17%,2%,3%,-17%,-12%,-17%
27-Jul-20,"39,473",79,720,"9,189","17,010",834,897,"6,123","4,496",125,"40,003",71,913,"9,914","17,388",879,857,"5,551","4,337",93,-1%,-10%,27%,8%,2%,5%,-4%,-9%,-4%,-26%
28-Jul-20,"41,229",65,821,"9,573","17,842",927,824,"6,365","4,708",104,"37,718",77,844,"9,220","16,401",845,803,"5,277","4,151",100,-10%,18%,3%,-4%,-8%,-9%,-3%,-17%,-12%,-4%
29-Jul-20,"45,760",83,907,"11,104","20,027",957,900,"6,665","4,990",127,"36,869",79,792,"9,027","16,041",841,769,"5,217","4,003",100,-20%,-5%,-13%,-19%,-20%,-12%,-15%,-22%,-20%,-21%
30-Jul-20,"42,829",75,818,"10,662","18,551",906,818,"6,312","4,559",128,"36,705",66,834,"8,863","15,892",823,788,"5,224","4,103",112,-13%,-12%,2%,-17%,-14%,-9%,-4%,-17%,-10%,-13%
31-Jul-20,"42,019",63,808,"10,708","18,099",830,798,"6,081","4,513",119,"37,327",68,788,"9,051","15,909",829,828,"5,454","4,276",124,-10%,8%,-2%,-15%,-12%,0%,4%,-10%,-5%,4%
01-Aug-20,"41,994",66,841,"10,545","17,902",951,912,"6,169","4,489",119,"35,003",55,741,"7,970","15,188",791,845,"5,293","4,008",112,-14%,-17%,-12%,-24%,-15%,-17%,-7%,-14%,-11%,-6%
02-Aug-20,"42,026",63,829,"10,490","18,009",833,893,"6,229","4,531",149,"35,935",57,773,"8,125","15,124",834,911,"5,768","4,242",101,-12%,-10%,-7%,-23%,-16%,0%,2%,-7%,-6%,-32%
03-Aug-20,"40,483",69,733,"9,577","17,421",888,876,"6,270","4,535",114,"37,937",79,838,"9,635","15,484",881,913,"5,702","4,286",119,-8%,14%,14%,1%,-11%,-1%,4%,-9%,-5%,4%
04-Aug-20,"42,095",77,842,"9,752","18,327",869,903,"6,521","4,689",115,"39,426",68,870,"9,008","17,384",911,859,"5,774","4,423",129,-6%,-12%,3%,-8%,-5%,5%,-5%,-11%,-6%,12%
05-Aug-20,"46,008",76,906,"11,866","19,408",957,979,"6,858","4,818",140,"37,662",76,789,"9,235","16,037",837,828,"5,380","4,366",114,-17%,0%,-13%,-22%,-17%,-13%,-15%,-22%,-9%,-19%
06-Aug-20,"45,703",82,889,"10,903","20,035",960,955,"6,828","4,922",129,"36,857",65,837,"8,907","15,820",851,788,"5,303","4,170",116,-20%,-21%,-6%,-18%,-21%,-11%,-17%,-22%,-15%,-10%
07-Aug-20,"43,474",81,908,"10,762","18,804",893,855,"6,403","4,634",134,"36,764",69,792,"9,061","15,858",827,782,"5,254","4,013",108,-15%,-15%,-13%,-16%,-16%,-7%,-9%,-18%,-13%,-19%
08-Aug-20,"42,962",77,803,"10,833","18,548",854,821,"6,355","4,553",118,"34,372",56,716,"8,136","14,637",857,800,"5,097","3,963",110,-18%,-27%,-11%,-25%,-21%,0%,-3%,-20%,-13%,-7%
09-Aug-20,"41,581",77,807,"10,314","17,995",901,834,"6,145","4,393",115,"34,813",51,724,"8,301","14,803",822,803,"5,162","4,040",107,-15%,-34%,-10%,-20%,-18%,-9%,-4%,-16%,-8%,-7%
10-Aug-20,"38,664",62,773,"9,182","16,820",868,801,"5,952","4,099",107,"40,162",71,859,"10,043","17,350",902,840,"5,501","4,477",119,2%,15%,11%,9%,3%,4%,5%,-8%,9%,11%
11-Aug-20,"40,138",73,785,"9,450","17,529",858,864,"6,244","4,221",114,"37,635",76,847,"9,332","16,260",900,792,"5,152","4,167",109,-8%,4%,8%,-1%,-7%,5%,-8%,-17%,-1%,-4%
12-Aug-20,"45,387",70,907,"11,458","19,831",906,861,"6,687","4,547",120,"37,039",61,831,"9,254","16,063",851,776,"5,093","4,010",100,-18%,-13%,-8%,-19%,-19%,-6%,-10%,-24%,-12%,-17%
13-Aug-20,"42,137",62,850,"10,746","18,161",851,844,"6,142","4,356",125,"36,882",73,779,"9,265","15,996",809,811,"4,989","4,054",106,-12%,18%,-8%,-14%,-12%,-5%,-4%,-19%,-7%,-15%
14-Aug-20,"41,193",68,822,"10,335","17,808",835,886,"6,091","4,235",113,"36,897",64,767,"9,120","15,997",781,813,"5,155","4,070",130,-10%,-6%,-7%,-12%,-10%,-6%,-8%,-15%,-4%,15%
15-Aug-20,"40,712",71,810,"10,219","17,558",841,836,"6,174","4,088",115,"34,594",72,717,"8,205","14,939",778,818,"4,997","3,984",84,-13%,1%,-11%,-20%,-15%,-7%,-2%,-19%,-3%,-27%
16-Aug-20,"41,091",73,758,"10,306","17,794",893,889,"6,062","4,200",116,"35,335",60,729,"8,586","15,093",785,785,"5,139","4,064",94,-13%,-18%,-4%,-17%,-15%,-12%,-12%,-15%,-3%,-19%
17-Aug-20,"38,810",81,700,"9,451","16,809",865,793,"5,861","4,123",127,"40,051",77,796,"10,248","17,153",847,867,"5,581","4,372",110,2%,-5%,14%,8%,2%,-2%,9%,-5%,6%,-13%
18-Aug-20,"40,408",60,798,"9,521","17,770",881,856,"6,115","4,277",130,"37,363",61,771,"9,311","16,018",836,795,"5,329","4,122",120,-9%,2%,-3%,-2%,-10%,-5%,-7%,-13%,-4%,-8%
19-Aug-20,"44,999",88,889,"11,380","19,780",918,894,"6,485","4,438",127,"36,553",55,830,"8,995","15,487",813,832,"5,231","4,198",112,-18%,-38%,-7%,-21%,-22%,-11%,-7%,-19%,-5%,-12%
20-Aug-20,"41,729",68,832,"10,470","17,943",898,798,"6,206","4,390",124,"36,729",57,783,"8,959","15,756",842,755,"5,316","4,153",108,-11%,-16%,-6%,-14%,-12%,-6%,-5%,-14%,-5%,-13%
21-Aug-20,"41,428",67,834,"10,458","17,938",862,872,"6,145","4,138",114,"36,838",59,741,"8,944","15,882",827,796,"5,379","4,106",104,-10%,-12%,-11%,-14%,-11%,-4%,-9%,-12%,-1%,-9%
22-Aug-20,"41,095",66,829,"10,370","17,707",835,839,"6,134","4,188",127,"33,949",51,689,"7,889","14,793",755,809,"5,006","3,850",107,-15%,-23%,-17%,-24%,-16%,-10%,-4%,-18%,-8%,-16%
23-Aug-20,"40,561",62,790,"10,134","17,463",822,826,"6,110","4,224",130,"35,095",52,680,"8,327","15,169",834,798,"5,202","3,928",105,-12%,-16%,-14%,-18%,-13%,1%,-3%,-15%,-7%,-19%
24-Aug-20,"38,380",51,762,"9,064","16,451",855,893,"5,980","4,244",80,"40,064",57,854,"9,805","17,642",902,875,"5,450","4,369",110,3%,12%,12%,8%,7%,5%,-2%,-9%,3%,38%
25-Aug-20,"39,944",60,759,"9,451","17,193",886,895,"6,135","4,461",104,"37,436",51,807,"8,994","16,425",846,820,"5,333","4,065",95,-7%,-15%,6%,-5%,-4%,-5%,-8%,-13%,-9%,-9%
26-Aug-20,"44,281",64,813,"11,108","19,136",871,862,"6,466","4,808",153,"36,053",70,810,"8,598","15,633",837,754,"5,237","4,013",101,-17%,9%,0%,-23%,-18%,-4%,-13%,-19%,-17%,-34%
27-Aug-20,"41,300",64,797,"10,320","17,618",829,868,"6,032","4,638",134,"35,451",51,744,"8,380","15,655",814,670,"4,983","4,048",106,-13%,-20%,-7%,-19%,-11%,-2%,-23%,-17%,-13%,-21%
28-Aug-20,"40,651",61,756,"10,151","17,440",887,868,"5,838","4,529",121,"36,026",60,743,"8,676","15,603",800,766,"5,219","4,057",102,-10%,-2%,-2%,-15%,-11%,-10%,-12%,-11%,-10%,-16%
29-Aug-20,"40,274",58,729,"9,994","17,196",868,801,"5,959","4,531",138,"33,303",45,717,"7,681","14,241",761,795,"5,007","3,959",97,-15%,-22%,-2%,-23%,-17%,-12%,-1%,-16%,-13%,-30%
30-Aug-20,"40,812",75,804,"10,135","17,286",834,848,"6,177","4,534",119,"33,342",51,700,"7,669","14,498",755,796,"4,936","3,852",85,-16%,-32%,-13%,-24%,-16%,-9%,-6%,-20%,-15%,-29%
31-Aug-20,"39,128",63,727,"9,244","16,713",814,875,"5,976","4,608",108,"38,276",66,826,"9,145","16,975",816,782,"5,279","4,272",115,-3%,5%,14%,-1%,2%,0%,-11%,-12%,-7%,6%
01-Sep-20,"40,814",58,745,"9,473","17,617",906,914,"6,197","4,798",106,"36,670",61,718,"8,924","16,160",823,749,"5,033","4,087",115,-11%,5%,-4%,-6%,-8%,-9%,-18%,-19%,-15%,8%
02-Sep-20,"42,759",63,839,"10,167","18,272",951,937,"6,565","4,864",101,"35,984",69,738,"8,649","16,044",751,742,"4,899","3,967",125,-16%,10%,-12%,-15%,-12%,-21%,-21%,-25%,-18%,24%
03-Sep-20,"43,757",66,840,"10,755","18,538",915,870,"6,717","4,891",165,"36,539",57,731,"8,927","15,953",768,773,"4,959","4,265",106,-16%,-14%,-13%,-17%,-14%,-16%,-11%,-26%,-13%,-36%
04-Sep-20,"41,399",64,797,"10,163","17,623",926,837,"6,292","4,588",109,"35,961",53,711,"8,797","15,646",745,826,"4,977","4,106",100,-13%,-17%,-11%,-13%,-11%,-20%,-1%,-21%,-11%,-8%
05-Sep-20,"40,822",61,768,"10,053","17,366",862,785,"6,203","4,610",114,"33,681",47,696,"7,758","14,362",741,788,"5,129","4,060",100,-16%,-23%,-9%,-23%,-17%,-14%,0%,-17%,-12%,-12%
06-Sep-20,"41,466",58,783,"10,239","17,612",943,861,"6,225","4,618",127,"34,252",60,703,"7,944","14,660",794,827,"5,068","4,102",94,-16%,3%,-10%,-22%,-17%,-16%,-4%,-19%,-11%,-26%
07-Sep-20,"38,970",47,485,"9,034","16,744",839,900,"6,298","4,504",119,"35,772",68,774,"8,739","15,207",785,854,"5,040","4,197",108,-10%,45%,60%,-3%,-9%,-6%,-5%,-20%,-7%,-9%
08-Sep-20,"39,779",75,803,"9,205","17,058",916,871,"6,183","4,567",101,"37,597",65,791,"9,336","15,985",787,709,"5,480","4,319",125,-8%,-13%,-1%,1%,-6%,-14%,-19%,-11%,-5%,24%
09-Sep-20,"43,924",69,899,"11,084","18,871",843,928,"6,418","4,701",111,"35,867",52,812,"8,912","15,183",720,755,"5,261","4,061",111,-18%,-25%,-10%,-20%,-20%,-15%,-19%,-18%,-14%,0%
10-Sep-20,"41,003",72,809,"10,205","17,661",904,812,"5,879","4,543",118,"35,198",49,759,"8,284","15,121",761,805,"5,209","4,096",114,-13%,-32%,-6%,-19%,-14%,-16%,-1%,-11%,-10%,-3%
11-Sep-20,"41,515",52,743,"10,253","18,057",846,836,"6,098","4,510",120,"35,929",51,746,"8,748","15,230",756,792,"5,379","4,102",125,-13%,-2%,0%,-15%,-16%,-11%,-5%,-12%,-9%,4%
12-Sep-20,"40,574",66,754,"10,064","17,426",852,853,"6,224","4,221",114,"33,727",51,699,"7,905","14,324",755,800,"5,202","3,891",100,-15%,-23%,-7%,-21%,-18%,-11%,-6%,-16%,-8%,-12%
13-Sep-20,"41,534",57,772,"10,311","17,706",853,848,"6,414","4,448",125,"33,538",59,757,"7,717","14,521",763,787,"4,996","3,848",90,-17%,4%,-2%,-25%,-18%,-11%,-7%,-22%,-13%,-28%
14-Sep-20,"39,730",66,747,"9,191","17,094",825,930,"6,412","4,374",91,"37,669",56,875,"9,006","16,311",815,882,"5,444","4,171",109,-6%,-15%,17%,-2%,-5%,-1%,-5%,-15%,-5%,20%
15-Sep-20,"40,994",68,818,"9,499","17,557",917,929,"6,506","4,580",120,"35,473",52,767,"8,464","15,429",764,751,"5,150","3,999",97,-14%,-24%,-6%,-11%,-12%,-17%,-19%,-21%,-13%,-19%
16-Sep-20,"45,611",73,863,"11,332","19,638",967,"1,029","6,907","4,687",115,"36,342",54,760,"8,746","15,815",753,741,"5,296","4,081",96,-19%,-26%,-12%,-23%,-19%,-22%,-28%,-23%,-13%,-17%
17-Sep-20,"42,343",78,784,"10,494","18,210",902,"1,011","6,430","4,320",114,"36,111",52,754,"8,546","15,842",756,785,"5,200","4,061",115,-13%,-33%,-4%,-19%,-13%,-16%,-22%,-19%,-6%,1%
18-Sep-20,"42,216",70,801,"10,339","18,226",899,938,"6,359","4,481",103,"35,104",44,709,"8,160","15,240",709,789,"5,349","3,988",116,-15%,-37%,-11%,-21%,-16%,-21%,-16%,-16%,-11%,13%
19-Sep-20,"41,846",70,784,"10,220","18,184",923,896,"6,323","4,335",111,"32,317",49,680,"7,135","13,856",747,818,"5,139","3,806",87,-20%,-30%,-13%,-30%,-24%,-19%,-9%,-19%,-12%,-22%
20-Sep-20,"42,383",69,834,"10,606","18,430",872,938,"6,151","4,383",100,"33,302",42,675,"7,391","14,364",788,795,"5,185","3,973",89,-18%,-39%,-19%,-30%,-22%,-10%,-15%,-16%,-9%,-11%
21-Sep-20,"40,674",57,752,"9,508","17,639",854,940,"6,463","4,361",100,"38,719",59,824,"8,965","17,086",839,800,"5,694","4,317",135,-5%,4%,10%,-6%,-3%,-2%,-15%,-12%,-1%,35%
22-Sep-20,"42,971",65,843,"10,136","18,786",922,989,"6,486","4,626",118,"36,298",51,622,"8,406","16,251",818,792,"5,137","4,115",106,-15%,-22%,-26%,-17%,-13%,-11%,-20%,-21%,-11%,-10%
23-Sep-20,"47,333",72,964,"12,231","20,515",978,939,"6,823","4,674",137,"36,054",51,700,"8,535","16,214",787,761,"5,034","3,877",95,-22%,-29%,-27%,-30%,-21%,-20%,-19%,-26%,-17%,-31%
24-Sep-20,"43,440",64,902,"10,702","18,992",896,849,"6,436","4,484",115,"35,838",61,772,"8,273","15,974",777,826,"5,170","3,871",114,-16%,-5%,-14%,-23%,-16%,-13%,-3%,-20%,-14%,-1%
25-Sep-20,"42,658",56,816,"10,687","18,616",930,877,"6,229","4,341",106,"35,990",61,756,"8,078","16,157",754,798,"5,223","4,049",114,-13%,9%,-7%,-24%,-13%,-19%,-9%,-16%,-7%,8%
26-Sep-20,"41,807",57,840,"10,425","18,228",836,835,"6,059","4,429",98,"33,519",51,681,"7,613","14,826",771,795,"4,999","3,706",77,-17%,-11%,-19%,-27%,-19%,-8%,-5%,-17%,-16%,-21%
27-Sep-20,"41,715",74,835,"10,670","18,032",873,815,"6,052","4,232",132,"34,506",68,696,"7,804","15,433",718,781,"4,961","3,950",95,-14%,-8%,-17%,-27%,-14%,-18%,-4%,-18%,-7%,-28%
28-Sep-20,"39,640",74,754,"9,204","17,369",880,858,"5,998","4,414",89,"39,419",65,838,"9,142","17,908",799,836,"5,407","4,298",126,-1%,-12%,11%,-1%,3%,-9%,-3%,-10%,-3%,42%
29-Sep-20,"39,761",58,841,"9,333","17,342",851,896,"5,788","4,544",108,"36,122",62,780,"8,178","16,172",773,783,"5,060","4,201",113,-8%,7%,-7%,-12%,-7%,-9%,-13%,-13%,-8%,5%
30-Sep-20,"44,759",80,899,"11,297","19,472",894,935,"6,280","4,777",125,"35,088",58,742,"7,917","15,686",750,716,"4,989","4,133",97,-19%,-28%,-17%,-30%,-19%,-16%,-23%,-21%,-13%,-22%
01-Oct-20,"42,173",61,828,"10,274","18,357",871,891,"6,311","4,464",116,"34,588",70,765,"7,784","15,345",752,715,"5,048","4,029",80,-16%,15%,-8%,-24%,-16%,-14%,-20%,-20%,-10%,-31%
02-Oct-20,"41,481",68,816,"10,168","17,993",865,841,"6,170","4,436",124,"34,666",73,746,"7,902","15,005",761,779,"5,137","4,162",101,-15%,7%,-9%,-22%,-17%,-12%,-7%,-17%,-6%,-19%
03-Oct-20,"40,661",67,792,"9,965","17,435",857,850,"6,144","4,432",119,"31,979",50,686,"7,019","13,572",715,741,"5,068","4,043",85,-19%,-25%,-13%,-30%,-22%,-17%,-13%,-18%,-9%,-29%
04-Oct-20,"40,886",70,764,"10,227","17,461",883,816,"6,278","4,269",118,"32,209",52,702,"7,112","13,687",693,783,"5,137","3,954",89,-18%,-26%,-8%,-30%,-22%,-22%,-4%,-18%,-7%,-25%
05-Oct-20,"39,064",56,775,"9,110","16,678",874,885,"6,223","4,364",99,"37,205",54,825,"8,438","16,092",842,828,"5,624","4,413",89,-4%,-4%,6%,-7%,-4%,-4%,-6%,-10%,1%,-10%
06-Oct-20,"41,168",66,776,"9,550","17,899",899,941,"6,511","4,431",95,"35,137",44,763,"7,940","15,042",790,808,"5,435","4,212",103,-14%,-33%,-2%,-17%,-16%,-12%,-14%,-17%,-5%,8%
07-Oct-20,"45,891",67,912,"11,686","19,556",986,"1,006","6,790","4,767",121,"34,347",57,739,"7,875","14,712",760,816,"5,142","4,157",89,-23%,-15%,-19%,-33%,-25%,-23%,-19%,-24%,-13%,-26%
08-Oct-20,"42,330",77,862,"10,704","18,516",898,879,"5,917","4,363",114,"33,905",58,754,"7,689","14,658",751,794,"5,101","4,006",94,-17%,-25%,-13%,-28%,-21%,-16%,-10%,-14%,-8%,-18%
09-Oct-20,"41,608",63,830,"10,326","18,233",872,807,"6,113","4,260",104,"33,407",63,676,"7,546","14,329",771,754,"5,181","3,973",114,-17%,0%,-19%,-27%,-21%,-12%,-7%,-15%,-7%,10%
10-Oct-20,"41,219",63,821,"10,283","17,932",780,849,"6,022","4,354",115,"31,625",57,655,"7,089","13,527",643,763,"4,938","3,862",91,-21%,-10%,-20%,-31%,-25%,-18%,-10%,-18%,-11%,-21%
11-Oct-20,"41,594",60,827,"10,390","18,018",744,813,"6,181","4,442",119,"30,099",54,651,"6,875","12,784",721,767,"4,606","3,571",70,-26%,-10%,-21%,-34%,-29%,-3%,-6%,-25%,-20%,-41%
12-Oct-20,"39,079",55,758,"9,336","16,749",818,852,"6,084","4,331",96,"31,994",46,654,"7,547","13,517",688,793,"4,893","3,772",84,-18%,-16%,-14%,-19%,-19%,-16%,-7%,-20%,-13%,-13%
13-Oct-20,"39,883",61,727,"9,756","16,837",913,871,"6,092","4,528",98,"35,928",60,768,"7,972","15,984",814,775,"5,374","4,069",112,-7%,-2%,6%,-18%,-5%,-11%,-11%,-12%,-10%,14%
14-Oct-20,"41,607",78,867,"10,421","17,768",860,921,"6,175","4,440",77,"34,176",70,728,"7,979","15,009",736,757,"4,932","3,879",86,-16%,-10%,-16%,-23%,-16%,-14%,-18%,-20%,-13%,12%
15-Oct-20,"44,992",64,895,"11,214","19,409",901,938,"6,752","4,681",138,"33,097",69,750,"7,904","14,023",687,703,"4,926","3,948",87,-25%,8%,-16%,-30%,-28%,-24%,-25%,-27%,-16%,-37%
16-Oct-20,"41,993",78,850,"10,566","17,701",853,915,"6,450","4,474",106,"33,016",55,761,"7,698","14,178",712,665,"4,857","3,995",95,-19%,-29%,-10%,-27%,-20%,-17%,-27%,-25%,-11%,-10%
17-Oct-20,"40,700",66,770,"10,062","17,184",886,870,"6,430","4,305",127,"30,542",32,713,"6,869","13,083",680,730,"4,556","3,806",73,-23%,-52%,-7%,-32%,-24%,-23%,-16%,-29%,-12%,-43%
18-Oct-20,"41,134",73,827,"10,222","17,510",867,891,"6,348","4,293",103,"30,212",49,683,"6,817","13,001",679,694,"4,552","3,653",84,-24%,-33%,-17%,-33%,-26%,-22%,-22%,-28%,-15%,-18%
19-Oct-20,"39,083",61,756,"9,299","16,668",856,911,"6,092","4,355",85,"34,821",63,779,"8,084","15,022",725,752,"5,085","4,214",97,-10%,3%,3%,-13%,-10%,-15%,-17%,-17%,-3%,14%
20-Oct-20,"40,636",74,802,"9,427","17,677",882,962,"6,306","4,411",95,"32,724",64,783,"7,650","14,160",679,713,"4,745","3,835",95,-20%,-14%,-2%,-19%,-20%,-23%,-26%,-25%,-13%,0%
21-Oct-20,"44,567",63,890,"11,336","19,157",954,912,"6,599","4,533",123,"31,832",62,702,"7,248","13,950",663,679,"4,624","3,805",99,-26%,-2%,-21%,-36%,-27%,-31%,-26%,-30%,-16%,-20%
22-Oct-20,"42,310",63,857,"10,711","18,221",867,895,"6,188","4,392",116,"31,878",47,716,"7,676","13,739",693,640,"4,504","3,761",102,-23%,-25%,-16%,-28%,-25%,-20%,-28%,-27%,-14%,-12%
23-Oct-20,"41,438",75,796,"10,430","17,893",874,833,"6,067","4,338",132,"32,437",57,751,"7,669","14,327",676,661,"4,455","3,761",80,-20%,-24%,-6%,-26%,-20%,-23%,-21%,-27%,-13%,-39%
24-Oct-20,"41,667",56,831,"10,568","17,806",869,837,"6,109","4,502",89,"29,109",48,637,"6,641","12,706",608,678,"4,133","3,592",66,-28%,-14%,-23%,-37%,-29%,-30%,-19%,-32%,-20%,-26%
25-Oct-20,"40,919",67,802,"10,370","17,421",912,877,"6,154","4,205",111,"29,200",51,679,"6,534","12,548",664,654,"4,364","3,633",73,-26%,-24%,-15%,-37%,-28%,-27%,-25%,-29%,-14%,-34%
26-Oct-20,"38,512",72,767,"9,226","16,426",918,822,"5,839","4,337",105,"33,975",58,820,"7,880","14,763",656,717,"4,971","4,015",95,-11%,-19%,7%,-15%,-10%,-29%,-13%,-15%,-7%,-10%
27-Oct-20,"39,274",62,796,"9,178","16,947",858,860,"6,035","4,442",96,"31,509",59,719,"7,293","13,563",613,730,"4,864","3,566",102,-20%,-5%,-10%,-21%,-20%,-29%,-15%,-19%,-20%,6%
28-Oct-20,"44,821",69,891,"11,471","19,520",909,865,"6,240","4,731",125,"31,792",51,710,"7,160","13,967",598,685,"4,718","3,804",99,-26%,-26%,-20%,-38%,-28%,-34%,-21%,-24%,-20%,-21%
29-Oct-20,"41,653",71,819,"10,795","18,058",829,808,"6,000","4,157",116,"31,599",63,744,"7,271","13,629",627,667,"4,659","3,842",97,-21%,-11%,-9%,-33%,-25%,-24%,-17%,-22%,-8%,-16%
30-Oct-20,"40,519",66,804,"10,533","17,294",838,809,"5,833","4,215",127,"31,037",68,677,"7,217","13,214",580,758,"4,638","3,788",97,-21%,3%,-16%,-31%,-24%,-31%,-6%,-20%,-10%,-24%
31-Oct-20,"37,029",52,766,"9,471","15,762",776,765,"5,317","4,005",115,"27,655",46,617,"6,242","11,716",565,659,"4,278","3,463",69,-22%,-12%,-19%,-34%,-26%,-27%,-14%,-20%,-14%,-40%
01-Nov-20,"40,397",69,874,"9,854","17,088",904,899,"6,208","4,353",148,"30,436",58,725,"6,828","12,765",614,712,"4,763","3,895",76,-23%,-16%,-17%,-31%,-25%,-32%,-21%,-23%,-11%,-49%
02-Nov-20,"38,647",62,799,"9,225","16,291",857,915,"6,123","4,264",111,"34,265",57,837,"8,043","14,435",706,775,"5,229","4,106",77,-11%,-8%,5%,-13%,-11%,-18%,-15%,-15%,-4%,-31%
03-Nov-20,"40,990",77,864,"9,837","17,391",841,952,"6,283","4,640",105,"31,979",58,691,"7,190","13,961",634,739,"4,790","3,826",90,-20%,-25%,-20%,-27%,-20%,-25%,-22%,-24%,-18%,-14%
04-Nov-20,"44,741",62,926,"11,139","19,313",976,934,"6,508","4,772",111,"32,782",65,705,"7,447","14,362",623,697,"4,813","3,961",109,-25%,5%,-24%,-33%,-26%,-36%,-25%,-26%,-17%,-2%
05-Nov-20,"40,632",64,816,"10,042","17,510",874,901,"5,849","4,486",90,"33,069",55,737,"7,657","14,365",635,731,"4,715","4,071",103,-17%,-14%,-10%,-24%,-18%,-27%,-19%,-19%,-9%,14%
06-Nov-20,"40,149",65,861,"10,056","17,105",853,864,"5,847","4,372",126,"33,180",59,719,"7,802","14,676",579,737,"4,586","3,937",85,-16%,-9%,-16%,-22%,-14%,-32%,-15%,-22%,-10%,-33%
07-Nov-20,"39,526",64,779,"9,871","16,668",829,887,"5,930","4,390",108,"30,118",47,689,"6,935","13,355",572,672,"4,180","3,598",70,-22%,-27%,-12%,-30%,-20%,-31%,-24%,-30%,-18%,-35%
08-Nov-20,"40,603",52,766,"10,294","17,211",865,883,"6,012","4,416",104,"30,155",63,711,"6,881","13,533",561,564,"4,072","3,685",85,-23%,21%,-7%,-33%,-21%,-35%,-36%,-32%,-17%,-18%
09-Nov-20,"37,641",76,699,"9,135","15,818",832,882,"5,713","4,406",80,"35,789",57,776,"8,411","16,484",606,588,"4,847","3,920",100,-4%,-25%,11%,-8%,4%,-27%,-33%,-15%,-11%,25%
10-Nov-20,"39,743",72,825,"9,352","16,874",878,857,"6,022","4,787",76,"34,024",66,775,"8,206","15,311",573,705,"4,566","3,732",90,-15%,-8%,-6%,-12%,-9%,-35%,-18%,-24%,-22%,18%
11-Nov-20,"41,772",62,828,"10,797","17,215",850,912,"6,383","4,619",106,"32,532",51,734,"7,951","14,718",515,695,"4,305","3,489",74,-21%,-18%,-11%,-26%,-15%,-39%,-24%,-33%,-24%,-30%
12-Nov-20,"40,502",66,923,"9,574","16,603",859,904,"6,677","4,777",119,"32,152",60,743,"7,761","13,975",569,604,"4,659","3,686",95,-21%,-9%,-20%,-19%,-16%,-34%,-33%,-30%,-23%,-20%
13-Nov-20,"40,354",69,812,"10,053","16,800",828,849,"6,260","4,549",134,"31,949",58,704,"7,778","13,963",576,626,"4,544","3,607",93,-20%,-16%,-13%,-23%,-17%,-30%,-26%,-27%,-21%,-31%
14-Nov-20,"40,251",61,788,"10,111","16,709",876,844,"6,229","4,527",106,"28,319",58,673,"6,555","12,355",527,597,"4,149","3,317",88,-28%,-5%,-15%,-35%,-26%,-40%,-29%,-33%,-27%,-17%
15-Nov-20,"40,324",61,802,"9,994","16,829",858,798,"6,306","4,554",122,"28,287",51,635,"6,689","11,981",511,633,"4,224","3,496",67,-29%,-16%,-21%,-33%,-29%,-40%,-21%,-33%,-23%,-45%
16-Nov-20,"37,596",63,745,"8,771","15,702",839,886,"6,144","4,371",75,"33,217",64,744,"8,077","14,644",561,621,"4,593","3,807",106,-13%,2%,0%,-8%,-7%,-33%,-30%,-25%,-13%,41%
17-Nov-20,"39,176",62,737,"9,153","16,490",826,905,"6,328","4,596",79,"31,135",37,726,"7,508","13,629",512,590,"4,345","3,709",79,-21%,-40%,-1%,-18%,-17%,-38%,-35%,-31%,-19%,0%
18-Nov-20,"44,981",100,903,"11,536","18,816",920,938,"6,837","4,803",128,"30,466",52,678,"7,407","13,095",602,615,"4,314","3,611",92,-31%,-48%,-25%,-36%,-30%,-35%,-34%,-37%,-25%,-28%
19-Nov-20,"41,898",64,846,"10,752","17,632",881,818,"6,359","4,448",98,"30,795",43,674,"7,262","13,750",609,602,"4,172","3,586",97,-24%,-33%,-20%,-32%,-22%,-31%,-26%,-34%,-19%,-1%
20-Nov-20,"41,031",73,831,"10,424","17,317",879,860,"6,348","4,198",101,"31,073",61,653,"7,581","13,582",573,651,"4,309","3,592",71,-23%,-16%,-21%,-27%,-22%,-35%,-24%,-32%,-14%,-30%
21-Nov-20,"40,762",51,790,"10,185","17,189",877,878,"6,210","4,470",112,"28,066",52,616,"6,484","12,137",544,571,"4,066","3,512",84,-29%,2%,-22%,-36%,-29%,-38%,-35%,-35%,-21%,-25%
22-Nov-20,"40,804",48,786,"10,406","17,226",858,844,"6,324","4,190",122,"26,850",45,654,"6,335","11,410",518,561,"4,068","3,183",76,-33%,-6%,-17%,-39%,-34%,-40%,-34%,-36%,-24%,-38%
23-Nov-20,"38,144",61,706,"9,011","16,196",837,884,"6,196","4,159",94,"32,322",49,671,"7,764","14,141",598,640,"4,556","3,809",94,-16%,-20%,-5%,-14%,-13%,-29%,-28%,-26%,-8%,0%
24-Nov-20,"40,076",73,822,"9,568","17,159",846,906,"6,165","4,441",96,"30,802",54,623,"7,482","13,417",580,633,"4,340","3,583",90,-24%,-26%,-24%,-22%,-22%,-31%,-30%,-30%,-19%,-6%
25-Nov-20,"46,013",58,908,"11,806","19,776",929,968,"6,768","4,701",99,"30,569",44,641,"7,467","13,426",610,617,"4,292","3,390",82,-32%,-24%,-29%,-37%,-32%,-34%,-36%,-37%,-28%,-17%
26-Nov-20,"42,808",60,857,"10,831","18,217",861,950,"6,513","4,384",135,"30,258",56,619,"7,301","13,494",595,607,"4,124","3,390",72,-28%,-7%,-28%,-33%,-26%,-31%,-36%,-37%,-23%,-47%
27-Nov-20,"41,190",63,801,"10,771","17,415",830,910,"5,994","4,290",116,"30,819",60,632,"7,482","13,552",572,664,"4,280","3,500",77,-23%,-5%,-21%,-31%,-22%,-31%,-27%,-29%,-18%,-34%
28-Nov-20,"40,250",62,693,"10,387","17,057",872,883,"5,896","4,287",113,"28,255",43,615,"6,542","12,327",548,611,"4,095","3,413",61,-27%,-31%,-11%,-37%,-28%,-37%,-31%,-31%,-20%,-46%
29-Nov-20,"39,428",56,756,"10,187","16,592",883,908,"5,802","4,130",114,"28,358",53,622,"6,602","12,400",536,600,"4,065","3,410",70,-26%,-5%,-18%,-35%,-25%,-39%,-34%,-30%,-17%,-39%
30-Nov-20,"37,617",60,736,"8,994","16,014",832,898,"5,838","4,138",107,"32,881",61,696,"8,201","14,425",627,633,"4,532","3,622",84,-14%,2%,-5%,-9%,-10%,-25%,-30%,-22%,-12%,-21%
01-Dec-20,"37,300",65,786,"9,080","15,185",867,876,"6,141","4,215",85,"30,166",51,649,"7,748","12,766",553,600,"4,206","3,510",83,-21%,-22%,-17%,-15%,-16%,-36%,-32%,-32%,-17%,-2%
02-Dec-20,"44,028",65,836,"11,406","18,197","1,008",947,"6,753","4,716",100,"30,670",58,662,"7,477","13,435",598,649,"4,189","3,510",92,-29%,-11%,-21%,-34%,-26%,-41%,-31%,-38%,-26%,-8%
03-Dec-20,"42,167",64,807,"10,774","17,801",869,959,"6,351","4,457",85,"30,883",57,683,"7,334","13,833",570,620,"4,209","3,474",103,-25%,-11%,-15%,-32%,-22%,-34%,-35%,-34%,-22%,21%
04-Dec-20,"41,571",57,768,"10,596","17,383",918,887,"6,375","4,476",111,"30,836",50,705,"7,444","13,487",602,639,"4,293","3,512",104,-24%,-12%,-8%,-30%,-22%,-34%,-28%,-33%,-22%,-6%
05-Dec-20,"41,512",63,819,"10,483","17,728",886,864,"6,190","4,360",119,"28,147",48,602,"6,499","12,107",577,688,"4,124","3,416",86,-30%,-24%,-26%,-38%,-32%,-35%,-20%,-33%,-22%,-28%
06-Dec-20,"40,987",56,785,"10,388","17,041",921,842,"6,256","4,579",119,"27,774",42,585,"6,203","12,089",562,592,"4,225","3,388",88,-30%,-25%,-25%,-40%,-29%,-39%,-30%,-32%,-26%,-26%
07-Dec-20,"38,591",56,695,"9,177","16,271",877,908,"6,051","4,457",99,"32,301",58,701,"7,717","14,287",586,653,"4,542","3,672",85,-16%,4%,1%,-16%,-12%,-33%,-28%,-25%,-18%,-14%
08-Dec-20,"40,025",48,746,"9,469","17,142",853,827,"6,214","4,626",100,"30,400",41,654,"7,193","13,476",607,627,"4,309","3,429",64,-24%,-15%,-12%,-24%,-21%,-29%,-24%,-31%,-26%,-36%
09-Dec-20,"45,421",83,878,"11,552","19,459",922,866,"6,706","4,859",96,"30,429",57,673,"7,248","13,478",558,682,"4,116","3,536",81,-32%,-31%,-23%,-37%,-31%,-39%,-21%,-39%,-27%,-16%
10-Dec-20,"42,412",66,837,"10,897","17,738",843,830,"6,481","4,599",121,"30,034",46,632,"6,962","13,556",612,597,"4,132","3,423",74,-27%,-30%,-24%,-36%,-24%,-27%,-28%,-36%,-26%,-39%
11-Dec-20,"40,670",53,704,"10,495","16,974",839,804,"6,159","4,532",110,"30,316",53,624,"7,080","13,489",681,634,"4,151","3,528",76,-23%,0%,-11%,-33%,-21%,-19%,-21%,-33%,-22%,-31%
12-Dec-20,"40,399",55,724,"10,111","17,186",882,829,"6,112","4,402",98,"27,126",45,622,"6,108","11,608",604,655,"3,955","3,453",76,-31%,-18%,-14%,-40%,-32%,-32%,-21%,-35%,-22%,-22%
13-Dec-20,"41,455",61,758,"10,413","17,774",878,834,"6,077","4,561",99,"26,499",34,608,"5,848","11,792",584,609,"3,660","3,294",70,-33%,-44%,-20%,-44%,-34%,-33%,-27%,-40%,-28%,-29%
14-Dec-20,"38,989",52,684,"9,458","16,532",843,817,"6,206","4,318",79,"31,711",54,746,"7,295","14,349",602,623,"4,262","3,698",82,-17%,4%,9%,-23%,-13%,-29%,-24%,-31%,-14%,4%
15-Dec-20,"40,697",56,769,"9,435","17,505",863,883,"6,475","4,641",70,"29,217",39,669,"6,727","12,833",616,674,"4,124","3,455",80,-28%,-30%,-13%,-29%,-27%,-29%,-24%,-36%,-26%,14%
16-Dec-20,"45,946",59,815,"11,458","19,737",970,926,"7,052","4,797",132,"28,661",37,621,"6,279","12,588",636,642,"4,244","3,530",84,-35%,-37%,-24%,-45%,-36%,-34%,-31%,-40%,-26%,-36%
17-Dec-20,"43,494",68,810,"11,218","18,367",864,864,"6,577","4,619",107,"28,556",50,517,"6,293","12,501",572,640,"4,231","3,684",68,-31%,-26%,-36%,-44%,-32%,-34%,-26%,-36%,-20%,-36%
18-Dec-20,"41,362",69,738,"10,834","17,017",817,881,"6,459","4,454",93,"29,147",47,673,"6,469","12,859",599,609,"4,162","3,647",82,-26%,-32%,-9%,-40%,-24%,-27%,-31%,-36%,-18%,-12%
19-Dec-20,"40,423",70,799,"9,871","16,913",856,880,"6,484","4,440",110,"26,971",35,658,"5,951","11,648",573,634,"4,094","3,291",87,-31%,-50%,-18%,-40%,-31%,-33%,-28%,-37%,-26%,-21%
20-Dec-20,"41,507",64,772,"10,047","17,508",865,911,"6,670","4,554",116,"27,007",58,635,"5,801","11,783",551,686,"4,070","3,355",68,-33%,-9%,-18%,-42%,-33%,-36%,-25%,-39%,-26%,-41%
21-Dec-20,"41,346",59,763,"9,773","17,644",896,977,"6,661","4,476",97,"30,545",61,750,"6,753","13,679",645,660,"4,388","3,512",97,-25%,3%,-2%,-31%,-22%,-28%,-32%,-34%,-22%,0%
22-Dec-20,"43,905",58,775,"10,109","19,035",956,"1,040","6,971","4,870",91,"29,235",45,673,"6,741","12,929",554,635,"4,000","3,571",87,-33%,-22%,-13%,-33%,-32%,-42%,-39%,-43%,-27%,-4%
23-Dec-20,"46,914",75,858,"11,270","20,451",979,908,"7,214","5,033",126,"29,494",47,679,"6,726","12,976",559,683,"4,097","3,644",83,-36%,-37%,-21%,-40%,-37%,-43%,-25%,-43%,-28%,-34%
24-Dec-20,"39,873",41,666,"9,048","17,328",904,919,"6,385","4,495",87,"26,388",37,533,"5,707","11,437",551,555,"4,136","3,347",85,-33%,-10%,-20%,-37%,-34%,-39%,-40%,-35%,-26%,-2%
25-Dec-20,"38,321",54,593,"9,044","16,553",912,857,"5,828","4,406",74,"23,133",44,528,"5,615","9,382",513,621,"3,377","3,002",51,-40%,-19%,-11%,-38%,-43%,-44%,-28%,-42%,-32%,-31%
26-Dec-20,"48,184",66,867,"11,106","21,296","1,050","1,159","7,559","4,980",101,"30,115",66,720,"6,934","12,689",648,756,"4,544","3,678",80,-37%,0%,-17%,-38%,-40%,-38%,-35%,-40%,-26%,-21%
27-Dec-20,"49,815",63,880,"11,919","21,852","1,050","1,085","7,651","5,218",97,"29,919",53,684,"6,634","13,122",618,722,"4,311","3,686",89,-39%,-16%,-22%,-44%,-40%,-41%,-33%,-44%,-29%,-8%
28-Dec-20,"47,736",66,809,"11,395","20,654","1,021","1,009","7,526","5,153",103,"33,339",63,738,"7,877","14,392",623,743,"4,941","3,877",85,-30%,-5%,-9%,-31%,-30%,-39%,-26%,-34%,-25%,-17%
29-Dec-20,"47,093",57,827,"11,346","20,298",975,"1,057","7,251","5,174",108,"32,876",66,749,"7,560","14,516",630,646,"4,771","3,840",98,-29%,16%,-9%,-33%,-28%,-35%,-39%,-34%,-26%,-9%
30-Dec-20,"49,344",73,907,"12,248","20,848","1,028","1,058","7,715","5,348",119,"32,211",57,735,"7,582","14,021",638,707,"4,610","3,759",102,-34%,-22%,-19%,-38%,-33%,-38%,-33%,-40%,-30%,-14%
31-Dec-20,"42,819",70,671,"10,468","18,366",948,928,"6,704","4,565",99,"29,529",40,636,"6,747","12,699",638,633,"4,445","3,612",79,-30%,-43%,-5%,-36%,-31%,-33%,-32%,-34%,-21%,-20%
01-Jan-21,"43,537",55,791,"9,638","19,432",896,973,"6,597","5,038",117,"28,797",50,649,"6,425","12,156",627,732,"4,438","3,636",84,-34%,-9%,-18%,-33%,-37%,-30%,-25%,-33%,-28%,-28%
02-Jan-21,"47,479",82,949,"11,444","20,858",928,961,"7,054","5,078",125,"30,937",48,601,"6,952","13,415",664,781,"4,756","3,636",84,-33%,-41%,-37%,-39%,-36%,-28%,-19%,-33%,-28%,-33%
03-Jan-21,"46,674",73,937,"12,062","20,114",944,942,"6,696","4,794",112,"30,003",56,683,"6,787","12,821",688,710,"4,518","3,669",71,-33%,-23%,-27%,-44%,-36%,-27%,-25%,-33%,-23%,-37%
04-Jan-21,"45,614",77,905,"11,370","19,833",950,870,"6,671","4,833",105,"33,527",52,785,"7,851","14,583",716,751,"4,714","3,967",108,-25%,-32%,-13%,-31%,-26%,-25%,-14%,-29%,-18%,3%
05-Jan-21,"43,284",86,845,"10,297","18,946",897,896,"6,332","4,898",87,"30,975",72,704,"7,092","13,406",674,704,"4,442","3,780",101,-28%,-16%,-17%,-31%,-29%,-25%,-21%,-30%,-23%,16%
06-Jan-21,"42,406",66,851,"9,956","18,429",889,856,"6,393","4,896",70,"30,904",69,722,"7,002","13,321",651,690,"4,568","3,779",102,-26%,5%,-15%,-30%,-28%,-27%,-19%,-29%,-23%,46%
07-Jan-21,"44,197",78,902,"10,928","18,826",914,911,"6,536","4,985",117,"30,128",67,726,"6,776","12,994",661,731,"4,311","3,758",104,-30%,-14%,-20%,-38%,-31%,-28%,-20%,-34%,-25%,-11%
08-Jan-21,"41,324",68,833,"10,001","18,221",787,839,"5,942","4,532",101,"30,310",73,738,"6,991","12,880",639,679,"4,522","3,687",101,-26%,7%,-11%,-30%,-29%,-19%,-19%,-24%,-19%,0%
09-Jan-21,"40,698",66,711,"9,963","17,774",839,815,"5,990","4,460",80,"27,735",48,654,"6,149","11,748",618,658,"4,287","3,480",93,-30%,-27%,-8%,-38%,-34%,-26%,-19%,-28%,-22%,16%
10-Jan-21,"40,523",75,850,"9,931","17,319",812,850,"6,029","4,571",86,"27,143",47,642,"5,981","11,494",568,650,"4,220","3,468",73,-31%,-37%,-24%,-40%,-34%,-30%,-24%,-30%,-24%,-15%
11-Jan-21,"40,406",59,818,"9,790","17,253",827,819,"6,143","4,607",90,"30,681",58,756,"6,995","13,135",651,665,"4,551","3,764",106,-23%,-2%,-8%,-29%,-24%,-21%,-19%,-26%,-18%,18%
12-Jan-21,"38,073",66,732,"8,605","16,336",820,857,"6,121","4,466",70,"29,583",57,745,"6,507","12,606",693,634,"4,605","3,635",101,-22%,-14%,2%,-24%,-23%,-15%,-26%,-25%,-19%,44%
13-Jan-21,"39,307",66,837,"8,937","17,121",817,874,"5,976","4,590",89,"28,741",54,753,"6,352","12,347",597,665,"4,253","3,611",109,-26%,-18%,-10%,-29%,-28%,-27%,-24%,-29%,-21%,22%
14-Jan-21,"43,661",78,801,"10,632","18,863",897,847,"6,504","4,943",96,"28,800",54,708,"6,552","12,047",628,659,"4,391","3,663",98,-33%,-31%,-12%,-38%,-36%,-30%,-22%,-32%,-26%,2%
15-Jan-21,"40,567",68,845,"9,982","17,516",788,767,"6,027","4,462",112,"29,735",55,695,"6,711","12,471",643,688,"4,641","3,733",98,-25%,-19%,-18%,-33%,-29%,-18%,-10%,-23%,-16%,-13%
16-Jan-21,"39,704",68,875,"9,598","17,436",753,789,"5,762","4,306",117,"26,921",49,609,"5,750","11,437",616,666,"4,227","3,490",77,-30%,-28%,-30%,-40%,-34%,-18%,-16%,-27%,-19%,-34%
17-Jan-21,"38,805",61,774,"9,281","16,880",813,796,"5,687","4,409",104,"26,920",53,591,"5,853","11,255",596,694,"4,344","3,452",82,-29%,-13%,-24%,-37%,-33%,-27%,-13%,-24%,-22%,-21%
18-Jan-21,"39,287",59,803,"9,746","16,912",769,700,"5,733","4,450",115,"31,095",57,719,"7,262","13,054",709,704,"4,716","3,777",97,-19%,-3%,-10%,-25%,-23%,-8%,1%,-18%,-15%,-16%
19-Jan-21,"35,273",73,769,"8,229","14,401",794,769,"5,683","4,451",104,"29,458",55,730,"6,876","12,194",642,666,"4,504","3,693",98,-16%,-25%,-5%,-16%,-15%,-19%,-13%,-21%,-17%,-6%
20-Jan-21,"35,154",46,669,"7,069","15,074",868,762,"5,983","4,589",94,"29,352",74,681,"6,884","12,155",680,677,"4,472","3,650",79,-20%,61%,2%,-3%,-19%,-22%,-11%,-25%,-20%,-16%
21-Jan-21,"40,672",81,857,"9,638","17,071",837,841,"6,544","4,687",116,"29,667",60,721,"6,787","12,349",678,659,"4,531","3,793",89,-26%,-26%,-16%,-30%,-28%,-19%,-22%,-31%,-19%,-23%
22-Jan-21,"38,976",63,795,"9,692","16,289",897,765,"6,087","4,272",116,"29,881",64,654,"7,047","12,499",657,698,"4,490","3,690",82,-22%,2%,-18%,-27%,-23%,-27%,-9%,-26%,-14%,-29%
23-Jan-21,"38,739",84,824,"9,534","16,357",818,793,"5,868","4,368",93,"26,955",64,657,"5,979","11,144",632,627,"4,247","3,521",84,-28%,-24%,-20%,-37%,-32%,-23%,-21%,-28%,-19%,-10%
24-Jan-21,"40,515",65,802,"9,829","17,944",807,750,"5,826","4,384",108,"26,134",42,607,"5,803","10,994",621,631,"4,036","3,320",80,-34%,-35%,-24%,-41%,-39%,-23%,-16%,-31%,-24%,-26%
25-Jan-21,"41,481",78,793,"10,642","17,782",804,787,"6,077","4,402",116,"31,120",53,821,"7,190","13,196",614,677,"4,587","3,869",113,-22%,-32%,4%,-32%,-26%,-24%,-14%,-25%,-12%,-3%
26-Jan-21,"39,032",68,802,"9,300","16,636",744,818,"6,097","4,470",97,"28,823",52,743,"7,060","11,725",629,591,"4,186","3,743",94,-27%,-24%,-7%,-24%,-30%,-15%,-28%,-31%,-16%,-3%
27-Jan-21,"39,420",71,851,"9,267","16,893",762,827,"5,956","4,702",91,"29,354",53,725,"7,131","12,180",624,599,"4,300","3,657",85,-26%,-25%,-15%,-23%,-28%,-18%,-28%,-28%,-22%,-7%
28-Jan-21,"41,533",73,923,"10,710","16,660",859,807,"6,650","4,739",112,"28,858",54,737,"7,001","11,901",626,654,"4,245","3,555",85,-29%,-26%,-20%,-35%,-29%,-27%,-19%,-36%,-25%,-24%
29-Jan-21,"38,216",71,873,"9,620","15,432",719,741,"6,207","4,446",107,"29,507",53,682,"6,891","12,130",656,695,"4,512","3,779",109,-21%,-25%,-22%,-28%,-21%,-9%,-6%,-27%,-15%,2%
30-Jan-21,"38,551",63,779,"9,751","15,756",747,756,"6,221","4,371",107,"27,463",53,678,"6,014","11,339",656,725,"4,386","3,527",85,-26%,-16%,-13%,-38%,-28%,-12%,-4%,-29%,-19%,-21%
31-Jan-21,"37,992",73,879,"9,385","15,432",755,810,"6,141","4,409",108,"26,918",44,676,"5,905","11,144",620,674,"4,297","3,478",80,-27%,-40%,-23%,-37%,-28%,-18%,-17%,-30%,-21%,-26%
01-Feb-21,"39,178",63,827,"9,762","16,424",823,785,"5,817","4,582",95,"31,799",56,773,"7,389","13,140",704,727,"4,918","3,974",118,-17%,-11%,-7%,-24%,-20%,-14%,-7%,-15%,-13%,24%
02-Feb-21,"37,920",64,766,"8,930","16,474",831,802,"5,548","4,407",98,"29,574",33,558,"6,494","12,620",681,702,"4,569","3,839",78,-20%,-48%,-27%,-27%,-23%,-18%,-12%,-18%,-13%,-20%
03-Feb-21,"38,061",60,788,"9,013","16,743",863,783,"5,488","4,249",74,"30,102",56,795,"7,013","12,558",684,642,"4,405","3,867",82,-21%,-7%,1%,-22%,-25%,-21%,-18%,-20%,-9%,11%
04-Feb-21,"42,993",62,964,"10,956","18,836",823,861,"5,819","4,566",106,"30,773",53,792,"7,477","12,842",638,691,"4,497","3,709",74,-27%,-15%,-18%,-32%,-32%,-22%,-20%,-23%,-19%,-30%
05-Feb-21,"40,621",77,879,"10,343","17,690",853,806,"5,566","4,314",93,"30,676",62,757,"7,610","12,716",647,663,"4,287","3,843",91,-24%,-19%,-14%,-26%,-28%,-24%,-18%,-23%,-11%,-2%
06-Feb-21,"39,736",75,839,"10,771","16,359",836,797,"5,642","4,313",104,"28,054",61,704,"6,682","11,708",621,641,"3,948","3,614",75,-26%,-19%,-16%,-38%,-28%,-26%,-20%,-30%,-16%,-28%
07-Feb-21,"40,568",75,924,"10,368","17,527",818,742,"5,701","4,315",98,"27,036",47,542,"6,489","11,460",589,598,"3,745","3,498",68,-32%,-37%,-41%,-37%,-35%,-28%,-19%,-34%,-19%,-31%
08-Feb-21,"40,413",70,855,"10,311","17,676",818,825,"5,560","4,200",98,"31,589",45,587,"7,936","13,567",620,613,"4,192","3,951",78,-21%,-36%,-31%,-23%,-23%,-24%,-26%,-25%,-6%,-20%
09-Feb-21,"38,031",76,821,"8,886","16,784",807,763,"5,506","4,298",90,"30,524",48,794,"7,372","13,160",611,648,"4,098","3,720",73,-21%,-37%,-3%,-17%,-22%,-24%,-15%,-26%,-13%,-19%
10-Feb-21,"39,908",57,816,"9,607","17,677",808,793,"5,738","4,312",100,"29,827",48,746,"7,219","12,872",635,633,"4,002","3,583",89,-25%,-16%,-9%,-25%,-27%,-21%,-20%,-30%,-17%,-11%
11-Feb-21,"43,857",70,862,"11,042","19,689",858,797,"6,086","4,357",96,"29,588",54,720,"7,235","12,688",626,604,"4,020","3,557",84,-32%,-23%,-16%,-34%,-36%,-27%,-24%,-34%,-18%,-13%
12-Feb-21,"37,335",64,874,"10,105","14,777",856,778,"5,698","4,066",117,"30,028",51,748,"7,143","12,788",636,650,"4,350","3,579",83,-16%,-20%,-14%,-29%,-13%,-26%,-16%,-24%,-12%,-29%
13-Feb-21,"36,779",40,681,"8,463","15,878",787,829,"5,638","4,354",109,"27,445",52,663,"6,312","11,568",608,648,"4,177","3,329",88,-25%,30%,-3%,-25%,-27%,-23%,-22%,-26%,-24%,-19%
14-Feb-21,"38,800",68,842,"9,851","16,587",850,784,"5,429","4,279",110,"27,855",42,656,"6,425","11,871",611,664,"4,039","3,471",76,-26%,-38%,-22%,-35%,-28%,-28%,-15%,-26%,-19%,-31%
15-Feb-21,"41,012",70,893,"10,066","18,087",858,771,"5,856","4,315",96,"31,292",52,734,"8,020","12,528",695,705,"4,555","3,911",92,-25%,-26%,-18%,-20%,-31%,-19%,-9%,-22%,-9%,-4%
16-Feb-21,"39,657",71,837,"9,282","17,306",842,814,"5,748","4,657",100,"30,760",54,671,"6,932","12,588",686,744,"4,895","4,093",97,-22%,-24%,-20%,-25%,-27%,-19%,-9%,-15%,-12%,-3%
17-Feb-21,"41,610",79,950,"9,649","18,252",888,848,"5,966","4,885",93,"31,577",59,758,"7,420","13,369",645,644,"4,662","3,930",90,-24%,-25%,-20%,-23%,-27%,-27%,-24%,-22%,-20%,-3%
18-Feb-21,"44,430",81,877,"11,359","18,810",910,955,"6,374","4,960",104,"31,472",62,764,"7,453","13,271",611,664,"4,646","3,897",104,-27%,-23%,-13%,-34%,-29%,-33%,-30%,-27%,-21%,0%
19-Feb-21,"43,376",79,930,"10,147","19,286",906,904,"6,426","4,598",100,"32,331",45,790,"7,594","13,534",686,707,"4,852","4,040",83,-26%,-43%,-15%,-25%,-30%,-24%,-22%,-24%,-12%,-17%
20-Feb-21,"40,717",60,800,"10,170","17,509",823,786,"5,918","4,550",101,"29,569",42,570,"6,700","12,370",681,751,"4,593","3,791",71,-25%,-30%,-29%,-34%,-29%,-17%,-4%,-22%,-17%,-30%
21-Feb-21,"41,001",67,776,"9,884","17,822",856,827,"6,008","4,647",114,"29,748",52,698,"6,613","12,362",698,749,"4,681","3,807",88,-26%,-22%,-10%,-33%,-31%,-18%,-9%,-22%,-18%,-23%
22-Feb-21,"41,357",71,831,"10,188","17,973",894,796,"6,102","4,404",98,"34,673",60,804,"8,214","14,605",776,814,"5,155","4,144",101,-15%,-15%,-3%,-19%,-19%,-13%,2%,-16%,-6%,3%
23-Feb-21,"39,156",68,844,"9,322","16,912",808,805,"5,822","4,471",104,"33,694",43,768,"8,137","14,362",718,739,"4,873","3,971",83,-14%,-37%,-9%,-13%,-15%,-11%,-8%,-16%,-11%,-20%
24-Feb-21,"38,676",76,797,"8,989","16,154",770,880,"6,130","4,786",94,"33,543",65,750,"8,138","14,344",716,765,"4,756","3,925",84,-14%,-14%,-6%,-9%,-11%,-7%,-13%,-22%,-18%,-11%
25-Feb-21,"42,368",64,922,"10,687","17,677",857,927,"6,273","4,850",111,"33,094",51,734,"7,957","14,017",704,744,"4,864","3,945",78,-21%,-20%,-20%,-26%,-21%,-18%,-20%,-22%,-19%,-30%
26-Feb-21,"40,582",50,870,"9,948","17,457",840,835,"5,935","4,540",107,"33,313",48,729,"7,913","14,257",716,779,"4,857","3,929",85,-17%,-4%,-16%,-20%,-18%,-15%,-7%,-18%,-13%,-21%
27-Feb-21,"39,292",67,864,"10,043","16,307",796,806,"5,889","4,407",113,"29,963",47,629,"6,835","12,801",675,728,"4,497","3,652",99,-21%,-30%,-27%,-32%,-21%,-15%,-10%,-24%,-17%,-12%
28-Feb-21,"40,104",59,806,"9,913","17,047",841,847,"5,991","4,484",116,"30,156",44,681,"7,021","12,949",647,686,"4,440","3,599",89,-23%,-25%,-16%,-29%,-24%,-23%,-19%,-26%,-20%,-23%
01-Mar-21,"40,722",72,821,"10,038","17,651",855,824,"5,717","4,633",111,"34,822",49,801,"8,240","14,901",738,739,"5,082","4,152",120,-13%,-32%,-2%,-18%,-16%,-14%,-10%,-11%,-10%,8%
02-Mar-21,"39,225",63,825,"9,385","16,979",821,776,"5,661","4,616",99,"32,633",28,734,"7,379","14,179",706,704,"4,890","3,905",108,-15%,-56%,-11%,-21%,-16%,-14%,-9%,-14%,-15%,9%
03-Mar-21,"40,244",74,787,"9,708","17,307",859,824,"5,821","4,758",106,"33,698",58,761,"8,266","14,369",666,709,"4,863","3,908",98,-17%,-22%,-3%,-15%,-17%,-22%,-14%,-16%,-18%,-8%
04-Mar-21,"44,550",59,806,"11,279","18,993",894,871,"6,488","5,036",124,"33,265",67,751,"7,937","14,181",681,736,"4,812","4,006",94,-24%,14%,-7%,-30%,-25%,-24%,-15%,-26%,-20%,-24%
05-Mar-21,"41,358",58,936,"10,408","17,406",838,857,"5,966","4,785",104,"33,642",50,785,"7,997","14,079",712,779,"5,056","4,084",100,-17%,-14%,-16%,-23%,-19%,-15%,-9%,-15%,-15%,-4%
06-Mar-21,"40,833",66,882,"10,292","17,232",817,844,"6,075","4,532",93,"30,597",51,661,"7,090","12,925",650,695,"4,687","3,753",85,-23%,-23%,-25%,-31%,-25%,-20%,-18%,-23%,-17%,-9%
07-Mar-21,"40,788",73,827,"10,209","17,175",845,839,"6,151","4,561",108,"30,389",55,698,"7,177","12,714",672,723,"4,546","3,732",72,-24%,-25%,-16%,-30%,-26%,-20%,-14%,-26%,-18%,-33%
08-Mar-21,"41,315",69,794,"10,348","17,500",896,888,"6,164","4,542",114,"35,874",53,840,"8,642","15,213",746,788,"5,249","4,241",102,-12%,-23%,6%,-16%,-13%,-17%,-11%,-15%,-7%,-11%
09-Mar-21,"39,820",83,819,"9,568","16,771",832,866,"6,133","4,641",107,"34,053",58,742,"8,401","14,407",706,739,"4,986","3,923",91,-15%,-30%,-9%,-12%,-14%,-15%,-15%,-19%,-15%,-15%
10-Mar-21,"38,924",81,832,"8,810","16,327",814,876,"6,158","4,926",100,"33,966",50,773,"8,360","14,364",744,730,"4,930","3,935",80,-15%,-38%,-7%,-5%,-12%,-9%,-17%,-20%,-20%,-20%
11-Mar-21,"45,713",85,914,"11,229","19,294",963,956,"7,049","5,123",100,"34,088",52,766,"8,194","14,564",749,711,"4,842","4,120",90,-25%,-39%,-16%,-27%,-25%,-22%,-26%,-31%,-20%,-10%
12-Mar-21,"43,593",83,922,"11,174","18,148",947,869,"6,553","4,803",94,"33,757",67,765,"8,261","14,174",706,720,"4,927","4,043",94,-21%,-19%,-17%,-26%,-22%,-25%,-17%,-25%,-16%,0%
13-Mar-21,"42,754",89,930,"10,954","17,683",896,896,"6,401","4,812",93,"31,060",55,690,"7,156","13,101",667,730,"4,716","3,864",81,-25%,-38%,-26%,-35%,-26%,-26%,-19%,-26%,-20%,-13%
14-Mar-21,"42,459",74,869,"10,736","17,723",879,891,"6,489","4,697",101,"30,038",43,692,"6,912","12,535",668,718,"4,719","3,664",87,-27%,-42%,-20%,-36%,-29%,-24%,-19%,-27%,-22%,-14%
15-Mar-21,"43,077",76,864,"10,910","17,845",908,872,"6,605","4,876",121,"36,068",59,814,"8,743","15,363",768,799,"5,273","4,140",109,-15%,-22%,-6%,-20%,-14%,-15%,-8%,-20%,-15%,-10%
16-Mar-21,"40,138",61,834,"9,442","16,799",832,881,"6,318","4,890",81,"34,579",54,778,"8,430","14,779",685,705,"5,078","3,989",81,-15%,-11%,-7%,-11%,-12%,-18%,-20%,-20%,-18%,0%
17-Mar-21,"42,101",68,837,"9,816","17,627",899,917,"6,690","5,148",99,"34,184",56,740,"8,501","14,539",712,684,"4,962","3,898",92,-20%,-18%,-12%,-13%,-18%,-21%,-25%,-26%,-24%,-7%
18-Mar-21,"46,530",87,890,"11,585","19,681",964,959,"6,993","5,259",112,"34,395",55,725,"8,547","14,617",692,740,"5,045","3,879",95,-26%,-37%,-19%,-26%,-26%,-28%,-23%,-28%,-26%,-15%
19-Mar-21,"43,654",75,818,"10,928","18,651",883,839,"6,534","4,833",93,"34,074",68,643,"8,211","14,348",783,752,"5,177","3,996",96,-21%,-9%,-21%,-25%,-23%,-11%,-10%,-21%,-17%,3%
20-Mar-21,"42,554",82,778,"10,669","18,075",848,831,"6,337","4,836",98,"31,599",49,709,"7,271","13,385",714,739,"4,817","3,819",96,-24%,-40%,-9%,-32%,-26%,-16%,-11%,-24%,-21%,-2%
21-Mar-21,"42,430",79,755,"10,394","18,236",869,883,"6,371","4,746",97,"31,669",55,697,"7,307","13,633",725,765,"4,642","3,752",93,-24%,-30%,-8%,-30%,-25%,-17%,-13%,-27%,-21%,-4%
22-Mar-21,"42,384",84,755,"10,461","17,853",884,852,"6,525","4,872",98,"37,367",65,866,"8,928","16,215",758,771,"5,439","4,230",95,-11%,-23%,15%,-15%,-9%,-14%,-10%,-17%,-13%,-3%
23-Mar-21,"39,441",78,746,"9,182","16,550",834,897,"6,313","4,754",87,"35,120",61,823,"8,364","15,242",718,731,"5,045","4,060",76,-12%,-22%,10%,-9%,-8%,-14%,-19%,-20%,-15%,-13%
24-Mar-21,"41,260",67,822,"9,615","17,616",852,934,"6,304","4,961",89,"34,871",67,818,"8,378","15,048",702,736,"5,053","3,970",99,-16%,0%,0%,-13%,-15%,-18%,-21%,-20%,-20%,11%
25-Mar-21,"45,324",77,851,"11,447","19,258",919,931,"6,684","5,032",125,"34,856",57,824,"8,538","15,004",733,715,"4,839","4,062",84,-22%,-26%,-3%,-25%,-22%,-20%,-23%,-28%,-19%,-33%
26-Mar-21,"42,217",65,751,"10,578","18,146",830,872,"6,194","4,671",110,"34,029",59,775,"7,999","14,384",749,764,"5,090","4,099",110,-18%,-9%,3%,-24%,-21%,-10%,-12%,-18%,-12%,0%
27-Mar-21,"41,700",61,753,"10,704","17,818",810,866,"6,020","4,568",100,"31,179",44,667,"7,040","13,395",656,699,"4,785","3,812",81,-22%,-28%,-11%,-34%,-25%,-19%,-19%,-21%,-17%,-19%
28-Mar-21,"41,582",75,770,"10,400","17,722",852,819,"6,180","4,644",120,"30,996",48,687,"6,923","13,237",668,702,"4,877","3,756",98,-23%,-36%,-11%,-33%,-25%,-22%,-14%,-21%,-19%,-18%
29-Mar-21,"42,019",71,833,"10,590","17,910",873,831,"6,157","4,658",96,"35,811",72,777,"8,603","15,850",739,616,"4,763","4,278",113,-13%,1%,-7%,-19%,-12%,-15%,-26%,-23%,-8%,18%
30-Mar-21,"39,396",65,721,"9,265","16,686",876,868,"6,179","4,623",113,"35,056",57,729,"8,401","15,291",649,698,"4,933","4,193",105,-12%,-12%,1%,-9%,-8%,-26%,-20%,-20%,-9%,-7%
31-Mar-21,"40,796",68,795,"9,716","17,035",893,924,"6,418","4,858",89,"34,556",67,740,"8,509","14,713",608,763,"5,031","4,017",108,-16%,-1%,-7%,-12%,-14%,-32%,-17%,-22%,-17%,21%
01-Apr-21,"45,481",81,861,"11,503","19,330",940,909,"6,768","4,983",106,"33,847",73,722,"7,818","14,282",702,786,"5,135","4,235",94,-23%,-10%,-16%,-32%,-26%,-25%,-14%,-24%,-15%,-11%
02-Apr-21,"43,010",61,758,"10,907","18,130",905,853,"6,535","4,754",107,"32,075",55,744,"7,712","12,926",716,801,"5,000","4,022",99,-24%,-10%,-2%,-29%,-29%,-21%,-6%,-23%,-15%,-7%
03-Apr-21,"42,011",61,748,"10,697","17,776",884,835,"6,441","4,462",107,"32,044",58,747,"7,246","13,600",725,716,"4,970","3,899",83,-21%,-5%,0%,-32%,-23%,-18%,-14%,-23%,-13%,-22%
04-Apr-21,"41,146",58,779,"10,033","17,602",817,826,"6,330","4,592",109,"31,234",59,606,"7,229","13,169",695,705,"4,741","3,948",82,-23%,2%,-22%,-28%,-25%,-15%,-15%,-25%,-14%,-25%
05-Apr-21,"41,863",62,770,"10,494","17,837",882,865,"6,270","4,592",91,"35,685",64,793,"8,284","15,375",770,796,"5,289","4,216",98,-13%,3%,3%,-21%,-14%,-13%,-8%,-16%,-8%,8%
06-Apr-21,"39,553",65,762,"9,292","16,922",836,863,"6,325","4,393",95,"36,698",62,864,"8,828","15,684",742,799,"5,236","4,375",108,-8%,-5%,13%,-5%,-7%,-11%,-7%,-17%,0%,14%
07-Apr-21,"41,211",67,791,"9,751","17,707",864,974,"6,285","4,682",90,"35,204",70,817,"8,560","14,929",739,797,"5,096","4,095",101,-15%,4%,3%,-12%,-16%,-14%,-18%,-19%,-13%,12%
08-Apr-21,"45,469",74,786,"11,231","19,709",937,969,"6,899","4,748",116,"35,255",57,805,"8,755","15,139",710,723,"4,895","4,088",83,-23%,-23%,2%,-22%,-23%,-24%,-25%,-29%,-14%,-28%
09-Apr-21,"42,861",69,736,"10,683","18,273",918,932,"6,618","4,524",108,"35,607",58,782,"8,696","15,188",722,752,"5,284","4,029",96,-16%,-16%,6%,-19%,-17%,-21%,-19%,-20%,-11%,-11%
10-Apr-21,"42,134",63,774,"10,735","17,910",860,899,"6,357","4,430",106,"32,662",62,773,"7,688","14,005",740,756,"4,626","3,923",89,-20%,-2%,0%,-28%,-22%,-14%,-16%,-27%,-11%,-16%
11-Apr-21,"40,899",67,821,"10,462","17,233",861,870,"6,261","4,232",92,"32,087",65,698,"7,717","13,562",704,753,"4,585","3,933",70,-20%,-3%,-15%,-26%,-21%,-18%,-13%,-27%,-7%,-24%
12-Apr-21,"42,464",75,784,"10,817","17,988",871,934,"6,418","4,472",105,"36,783",50,881,"9,373","15,212",736,773,"5,241","4,415",102,-13%,-33%,12%,-13%,-15%,-15%,-17%,-18%,-1%,-3%
13-Apr-21,"39,960",63,772,"9,475","17,200",860,939,"6,186","4,363",102,"34,832",63,746,"8,756","14,477",648,720,"5,151","4,153",118,-14%,0%,-3%,-8%,-16%,-25%,-23%,-17%,-5%,16%
14-Apr-21,"40,437",65,769,"9,719","16,892",869,971,"6,489","4,565",98,"34,401",49,727,"8,459","14,304",675,731,"5,198","4,146",112,-16%,-25%,-5%,-13%,-15%,-22%,-25%,-20%,-9%,14%
15-Apr-21,"45,597",67,891,"11,704","19,171",862,932,"6,975","4,867",128,"33,902",44,779,"8,270","13,981",711,746,"5,211","4,060",100,-24%,-34%,-13%,-29%,-27%,-18%,-20%,-25%,-17%,-22%
16-Apr-21,"42,507",61,804,"10,872","17,902",931,922,"6,432","4,447",136,"33,483",61,698,"8,255","13,575",710,697,"5,263","4,122",102,-20%,0%,-13%,-24%,-24%,-24%,-24%,-18%,-7%,-25%
17-Apr-21,"42,146",58,705,"10,686","18,004",882,889,"6,369","4,441",112,"31,174",60,636,"7,530","12,448",689,729,"4,873","4,118",91,-25%,3%,-10%,-30%,-31%,-22%,-18%,-23%,-7%,-19%
18-Apr-21,"42,144",59,781,"10,493","18,100",896,833,"6,533","4,340",109,"31,183",55,661,"7,517","12,741",665,708,"4,678","4,058",100,-25%,-7%,-15%,-28%,-30%,-26%,-15%,-28%,-6%,-8%
19-Apr-21,"40,750",57,736,"9,880","17,193",941,"1,021","6,315","4,516",91,"35,581",64,833,"9,306","14,059",727,809,"5,350","4,310",123,-15%,12%,13%,-6%,-18%,-23%,-21%,-15%,-5%,35%
20-Apr-21,"40,363",57,788,"9,258","17,270",905,951,"6,605","4,455",74,"33,198",67,775,"8,489","13,018",713,720,"5,150","4,170",96,-21%,18%,-2%,-8%,-25%,-21%,-24%,-22%,-6%,30%
21-Apr-21,"40,222",71,776,"9,400","17,104",932,915,"6,224","4,709",91,"32,885",65,794,"8,286","12,793",747,734,"5,118","4,247",101,-20%,-8%,2%,-12%,-25%,-20%,-20%,-18%,-10%,11%
22-Apr-21,"45,091",84,855,"11,231","19,050",956,954,"7,012","4,844",105,"32,359",71,733,"8,030","12,881",749,683,"4,953","4,159",100,-28%,-15%,-14%,-29%,-32%,-22%,-28%,-29%,-14%,-5%
23-Apr-21,"44,624",72,793,"11,660","18,627",925,974,"6,791","4,677",105,"33,756",59,715,"8,425","13,624",715,690,"5,244","4,165",119,-23%,-18%,-10%,-28%,-27%,-23%,-29%,-23%,-11%,13%
24-Apr-21,"42,766",69,818,"10,805","18,364",809,878,"6,360","4,552",111,"31,292",50,643,"7,785","12,724",659,679,"4,833","3,844",75,-26%,-28%,-21%,-28%,-31%,-19%,-23%,-24%,-16%,-32%
25-Apr-21,"42,214",63,804,"10,741","18,197",874,787,"6,180","4,457",111,"30,885",62,667,"7,557","12,623",672,719,"4,728","3,767",90,-26%,-2%,-17%,-30%,-31%,-23%,-9%,-23%,-15%,-19%
26-Apr-21,"41,856",63,761,"10,538","17,682",878,846,"6,478","4,506",104,"35,656",53,750,"8,837","14,489",779,785,"5,483","4,364",116,-14%,-16%,-1%,-16%,-18%,-11%,-7%,-15%,-3%,12%
27-Apr-21,"38,678",63,692,"9,329","16,451",846,862,"5,873","4,469",93,"34,160",67,678,"8,657","13,862",758,712,"5,081","4,238",107,-13%,6%,-2%,-7%,-16%,-10%,-17%,-13%,-5%,15%
28-Apr-21,"40,237",63,753,"9,635","17,243",899,878,"6,097","4,552",117,"34,518",53,709,"9,145","13,761",774,695,"5,130","4,136",115,-17%,-16%,-6%,-5%,-20%,-14%,-21%,-16%,-9%,-2%
29-Apr-21,"44,504",61,818,"11,381","18,835",906,865,"6,694","4,835",109,"34,547",47,692,"9,146","13,688",734,732,"5,095","4,320",93,-23%,-23%,-15%,-20%,-27%,-19%,-15%,-24%,-11%,-15%
30-Apr-21,"41,460",54,785,"10,405","17,617",884,889,"6,163","4,543",120,"34,438",50,719,"8,780","13,706",727,749,"5,200","4,397",110,-17%,-7%,-8%,-16%,-22%,-18%,-16%,-16%,-3%,-8%
01-May-21,"40,877",62,716,"10,169","17,327",906,825,"6,190","4,570",112,"32,526",53,681,"7,857","13,272",734,795,"5,015","4,029",90,-20%,-15%,-5%,-23%,-23%,-19%,-4%,-19%,-12%,-20%
02-May-21,"41,605",63,758,"10,206","17,714",888,893,"6,315","4,657",111,"32,824",47,636,"8,098","13,414",775,789,"4,953","4,035",77,-21%,-25%,-16%,-21%,-24%,-13%,-12%,-22%,-13%,-31%
03-May-21,"41,520",51,767,"10,271","17,706",873,854,"6,353","4,527",118,"37,080",53,742,"9,746","14,962",763,816,"5,423","4,466",109,-13%,4%,-3%,-5%,-15%,-13%,-4%,-15%,-1%,-8%
04-May-21,"39,158",56,713,"9,417","16,582",912,917,"6,008","4,460",93,"35,617",61,718,"9,137","14,422",824,824,"5,122","4,399",110,-11%,9%,1%,-3%,-13%,-10%,-10%,-15%,-1%,18%
05-May-21,"41,025",63,777,"9,666","17,518",899,901,"6,297","4,781",123,"35,299",56,717,"8,920","14,534",763,774,"5,055","4,372",108,-16%,-11%,-8%,-8%,-17%,-15%,-14%,-20%,-9%,-12%
06-May-21,"45,867",62,812,"11,778","19,512",944,944,"6,851","4,814",150,"35,476",71,702,"8,997","14,530",793,730,"5,203","4,337",113,-22%,15%,-14%,-24%,-26%,-16%,-23%,-24%,-10%,-25%
07-May-21,"42,885",63,782,"11,097","18,097",870,861,"6,415","4,567",133,"35,825",50,655,"9,082","14,683",754,725,"5,312","4,471",93,-16%,-21%,-16%,-18%,-19%,-13%,-16%,-17%,-2%,-30%
08-May-21,"41,915",71,786,"10,514","17,732",894,910,"6,366","4,513",129,"32,769",51,606,"8,104","13,512",694,767,"4,772","4,159",104,-21%,-28%,-23%,-23%,-24%,-22%,-16%,-25%,-8%,-19%
09-May-21,"41,830",58,730,"10,352","17,639",901,905,"6,422","4,694",129,"31,238",48,630,"7,626","12,692",718,749,"4,596","4,093",86,-25%,-17%,-14%,-26%,-28%,-20%,-17%,-28%,-13%,-33%
10-May-21,"41,715",69,782,"10,372","17,491",906,826,"6,529","4,623",117,"37,761",52,737,"9,763","15,459",777,773,"5,418","4,678",104,-11%,-25%,-6%,-6%,-12%,-14%,-6%,-17%,1%,-11%
11-May-21,"39,387",75,739,"9,276","16,635",778,853,"6,266","4,653",112,"35,318",62,710,"8,840","14,338",762,760,"5,278","4,461",107,-12%,-17%,-4%,-5%,-14%,-2%,-11%,-16%,-4%,-4%
12-May-21,"39,618",53,746,"9,422","16,458",839,865,"6,447","4,686",102,"35,694",62,731,"8,875","14,848",796,703,"5,149","4,435",95,-11%,17%,-2%,-6%,-10%,-5%,-19%,-20%,-5%,-7%
13-May-21,"45,923",58,903,"11,776","19,160",904,939,"7,140","4,932",111,"35,910",62,749,"9,009","14,629",783,782,"5,292","4,510",94,-21%,7%,-17%,-23%,-24%,-13%,-17%,-26%,-9%,-15%
14-May-21,"42,588",76,777,"10,591","18,028",870,889,"6,693","4,553",111,"36,815",58,725,"9,300","15,071",780,725,"5,395","4,664",97,-14%,-24%,-7%,-12%,-16%,-10%,-18%,-19%,2%,-13%
15-May-21,"41,945",74,792,"10,674","17,754",818,824,"6,466","4,421",122,"34,125",57,640,"8,222","13,966",753,716,"5,271","4,428",72,-17%,-23%,-19%,-23%,-21%,-8%,-13%,-18%,0%,-41%
16-May-21,"41,580",52,767,"10,387","17,724",894,847,"6,236","4,554",119,"34,440",56,689,"8,248","14,143",811,699,"5,192","4,517",85,-16%,8%,-10%,-21%,-20%,-9%,-17%,-17%,-1%,-29%
17-May-21,"41,834",59,752,"10,621","17,901",908,891,"6,202","4,386",114,"40,120",59,770,"10,337","16,479",815,778,"5,888","4,864",130,-5%,0%,2%,-3%,-8%,-10%,-13%,-5%,11%,14%
18-May-21,"39,353",65,724,"9,358","16,960",850,871,"6,063","4,356",106,"37,051",57,760,"9,440","15,460",748,733,"5,250","4,491",112,-8%,-12%,5%,1%,-9%,-12%,-16%,-13%,3%,6%
19-May-21,"41,888",65,815,"9,931","17,761",873,962,"6,606","4,760",115,"36,260",67,718,"9,191","15,287",767,722,"4,998","4,434",76,-15%,3%,-12%,-7%,-14%,-12%,-25%,-24%,-7%,-34%
20-May-21,"44,420",69,844,"10,852","19,020",928,997,"6,884","4,718",108,"36,363",51,749,"9,240","15,453",751,633,"5,029","4,354",103,-19%,-26%,-11%,-15%,-19%,-19%,-37%,-27%,-8%,-5%
21-May-21,"46,245",60,863,"11,446","20,047",911,974,"6,926","4,884",134,"37,244",66,742,"9,341","15,826",735,697,"5,255","4,469",113,-20%,10%,-14%,-18%,-21%,-19%,-28%,-24%,-8%,-16%
22-May-21,"43,117",57,842,"10,615","18,504",905,892,"6,679","4,486",137,"35,481",55,692,"8,582","15,060",685,713,"5,227","4,382",85,-17%,-4%,-18%,-19%,-19%,-24%,-20%,-22%,-2%,-38%
23-May-21,"42,725",67,860,"10,495","18,239",915,885,"6,462","4,696",106,"36,473",41,715,"8,939","15,378",710,725,"5,350","4,522",93,-15%,-39%,-17%,-15%,-16%,-22%,-18%,-17%,-4%,-12%
24-May-21,"42,305",65,829,"10,438","18,137",846,903,"6,350","4,607",130,"37,190",60,775,"9,298","15,627",778,731,"5,280","4,550",91,-12%,-8%,-7%,-11%,-14%,-8%,-19%,-17%,-1%,-30%
25-May-21,"38,921",56,757,"9,215","16,605",893,890,"6,110","4,281",114,"40,550",57,845,"10,160","17,308",729,753,"5,704","4,874",120,2%,2%,12%,10%,4%,-18%,-15%,-7%,14%,5%
26-May-21,"41,592",66,795,"10,019","17,788",810,927,"6,388","4,709",90,"38,027",56,774,"9,554","16,035",649,692,"5,560","4,597",110,-10%,-15%,-3%,-5%,-10%,-20%,-25%,-13%,-2%,22%
27-May-21,"46,621",73,929,"11,480","20,179",957,939,"6,948","4,985",131,"36,892",56,832,"9,069","15,380",653,681,"5,478","4,606",137,-21%,-23%,-10%,-21%,-24%,-32%,-27%,-21%,-8%,5%
28-May-21,"43,109",56,846,"10,687","18,415",898,941,"6,528","4,609",129,"36,280",63,771,"9,106","14,879",699,695,"5,361","4,591",115,-16%,13%,-9%,-15%,-19%,-22%,-26%,-18%,0%,-11%
29-May-21,"42,601",71,839,"10,471","18,247",884,897,"6,566","4,518",108,"34,295",51,701,"8,288","14,191",682,691,"5,179","4,415",97,-19%,-28%,-16%,-21%,-22%,-23%,-23%,-21%,-2%,-10%
30-May-21,"41,956",49,770,"10,355","17,816",948,894,"6,386","4,616",122,"35,024",54,768,"8,388","14,441",696,709,"5,380","4,497",91,-16%,10%,0%,-19%,-19%,-27%,-21%,-16%,-3%,-25%
31-May-21,"41,885",71,772,"9,971","17,971",832,925,"6,538","4,684",121,"39,827",71,769,"10,130","16,603",705,742,"5,884","4,777",146,-7%,0%,0%,2%,-8%,-15%,-20%,-10%,2%,21%
01-Jun-21,"39,617",67,786,"8,857","16,874",931,942,"6,386","4,664",110,"38,077",69,775,"9,659","15,778",684,737,"5,610","4,765",0,-8%,3%,-1%,9%,-6%,-27%,-22%,-12%,2%,-100%
02-Jun-21,"41,452",71,784,"9,405","17,830",874,910,"6,663","4,822",93,"37,899",63,767,"9,590","15,723",680,750,"5,553","4,773",0,-12%,-11%,-2%,2%,-12%,-22%,-18%,-17%,-1%,-100%
03-Jun-21,"45,948",67,891,"10,944","19,868",956,930,"7,229","4,965",98,"38,265",59,798,"9,808","15,650",769,751,"5,590","4,840",0,-19%,-12%,-10%,-10%,-21%,-20%,-19%,-23%,-3%,-100%
04-Jun-21,"42,742",69,837,"10,387","18,234",929,888,"6,638","4,649",111,"38,333",53,832,"9,383","15,917",767,731,"5,886","4,764",0,-11%,-23%,-1%,-10%,-13%,-17%,-18%,-11%,2%,-100%
05-Jun-21,"41,949",75,826,"10,213","17,791",829,926,"6,548","4,630",111,"35,416",60,770,"8,691","14,626",748,692,"5,446","4,383",0,-16%,-20%,-7%,-15%,-18%,-10%,-25%,-17%,-5%,-100%
06-Jun-21,"41,845",66,755,"10,064","18,079",921,890,"6,381","4,579",110,"35,724",56,765,"8,580","15,167",735,777,"5,386","4,258",0,-15%,-15%,1%,-15%,-16%,-20%,-13%,-16%,-7%,-100%
07-Jun-21,"41,014",60,740,"10,167","17,613",910,894,"6,089","4,433",108,"41,379",59,877,"10,475","17,664",816,786,"5,838","4,864",0,0%,-2%,19%,3%,0%,-10%,-12%,-4%,10%,-100%
08-Jun-21,"39,632",75,780,"9,113","17,275",849,917,"6,144","4,382",97,"38,561",55,819,"9,731","16,272",733,716,"5,577","4,658",0,-6%,-27%,5%,7%,-6%,-14%,-22%,-9%,6%,-100%
09-Jun-21,"42,242",68,868,"9,845","18,557",963,842,"6,359","4,636",104,"38,258",63,875,"9,667","16,280",721,667,"5,451","4,534",0,-12%,-7%,1%,-2%,-12%,-25%,-21%,-14%,-2%,-100%
10-Jun-21,"46,182",79,884,"11,705","19,759",965,907,"6,909","4,836",138,"38,112",50,841,"9,975","16,130",742,660,"5,296","4,418",0,-18%,-37%,-5%,-15%,-18%,-23%,-27%,-23%,-9%,-100%
11-Jun-21,"43,278",65,868,"10,586","18,666",924,835,"6,563","4,649",122,"38,493",51,805,"9,788","16,085",773,689,"5,733","4,569",0,-12%,-22%,-7%,-8%,-14%,-16%,-17%,-13%,-2%,-100%
12-Jun-21,"42,664",65,840,"10,236","18,717",854,902,"6,304","4,604",142,"35,635",60,730,"8,726","15,190",724,575,"5,330","4,300",0,-17%,-8%,-13%,-15%,-19%,-15%,-36%,-15%,-7%,-100%
13-Jun-21,"41,810",49,822,"10,261","17,856",869,839,"6,441","4,566",107,"37,033",53,757,"9,152","15,553",737,680,"5,544","4,557",0,-12%,8%,-8%,-11%,-13%,-15%,-19%,-14%,0%,-100%
14-Jun-21,"42,309",67,813,"10,254","18,200",844,901,"6,480","4,614",136,"41,559",69,860,"10,684","17,615",765,673,"6,001","4,892",0,-4%,3%,6%,4%,-3%,-9%,-25%,-7%,6%,-100%
15-Jun-21,"39,567",54,761,"8,841","17,166",870,855,"6,409","4,490",121,"38,935",57,800,"9,987","16,370",766,657,"5,706","4,592",0,-6%,6%,5%,13%,-5%,-12%,-23%,-11%,2%,-100%
16-Jun-21,"40,716",56,820,"9,149","17,522",896,910,"6,461","4,791",111,"38,757",64,817,"9,882","16,025",780,681,"5,800","4,708",0,-9%,14%,0%,8%,-9%,-13%,-25%,-10%,-2%,-100%
17-Jun-21,"46,519",61,885,"11,218","20,247",916,899,"7,064","5,081",148,"38,258",69,845,"9,626","16,033",748,592,"5,701","4,644",0,-19%,13%,-5%,-14%,-21%,-18%,-34%,-19%,-9%,-100%
18-Jun-21,"42,998",71,817,"10,200","18,821",852,829,"6,610","4,673",125,"37,690",53,823,"9,323","15,962",730,508,"5,686","4,605",0,-14%,-25%,1%,-9%,-15%,-14%,-39%,-14%,-1%,-100%
19-Jun-21,"42,410",56,828,"10,292","18,704",845,839,"6,165","4,558",123,"35,806",60,785,"8,701","15,183",789,495,"5,338","4,455",0,-16%,7%,-5%,-15%,-19%,-7%,-41%,-13%,-2%,-100%
20-Jun-21,"40,927",59,827,"9,928","17,834",842,841,"5,991","4,479",126,"35,349",58,774,"8,583","14,852",755,476,"5,448","4,403",0,-14%,-2%,-6%,-14%,-17%,-10%,-43%,-9%,-2%,-100%
21-Jun-21,"41,366",63,741,"10,110","18,068",831,820,"6,195","4,415",123,"41,969",69,890,"10,564","17,807",764,563,"6,237","5,075",0,0%,10%,20%,4%,-1%,-8%,-31%,1%,15%,-100%
22-Jun-21,"39,462",68,719,"9,458","16,964",813,877,"6,062","4,366",135,"38,634",63,870,"9,676","16,146",762,555,"5,809","4,753",0,-3%,-7%,21%,2%,-5%,-6%,-37%,-4%,9%,-100%
23-Jun-21,"41,718",63,849,"9,926","17,869",874,905,"6,451","4,652",129,"38,353",65,877,"9,525","16,040",738,547,"5,836","4,725",0,-9%,3%,3%,-4%,-10%,-16%,-40%,-10%,2%,-100%
24-Jun-21,"45,128",69,896,"10,362","20,201",953,937,"6,837","4,734",139,"38,215",60,841,"8,922","16,429",802,528,"5,860","4,773",0,-16%,-13%,-6%,-14%,-19%,-16%,-44%,-14%,1%,-100%
25-Jun-21,"43,494",84,791,"11,185","18,556",873,829,"6,545","4,510",121,"38,763",59,800,"9,948","16,008",749,600,"5,852","4,747",0,-11%,-30%,1%,-11%,-14%,-14%,-28%,-11%,5%,-100%
26-Jun-21,"42,150",76,823,"10,572","18,019",862,852,"6,319","4,498",129,"36,768",59,807,"8,826","15,483",758,520,"5,801","4,514",0,-12%,-22%,-2%,-17%,-14%,-12%,-39%,-8%,0%,-100%
27-Jun-21,"41,382",61,796,"10,334","17,831",843,888,"6,145","4,372",112,"37,230",51,824,"9,031","15,570",758,549,"5,663","4,784",0,-9%,-16%,4%,-13%,-13%,-10%,-38%,-8%,9%,-100%
28-Jun-21,"41,774",70,753,"10,087","18,181",858,916,"6,440","4,349",120,"42,323",57,912,"10,347","17,988",849,569,"6,423","5,178",0,1%,-19%,21%,3%,-1%,-1%,-38%,0%,19%,-100%
29-Jun-21,"41,037",71,754,"9,370","18,069",851,877,"6,406","4,521",118,"40,369",66,822,"9,943","16,918",792,494,"6,045","5,289",0,-4%,-7%,9%,6%,-6%,-7%,-44%,-6%,17%,-100%
30-Jun-21,"43,135",76,840,"9,881","18,886",911,925,"6,701","4,784",131,"40,410",52,818,"9,821","16,883",789,543,"6,267","5,237",0,-8%,-32%,-3%,-1%,-11%,-13%,-41%,-6%,9%,-100%